{
  "IcoMoonType": "selection",
  "icons": [
    {
      "icon": {
        "paths": [
          "M534 298v224l192 114-32 54-224-136v-256h64zM512 854c188 0 342-154 342-342s-154-342-342-342-342 154-342 342 154 342 342 342zM512 86c236 0 426 190 426 426s-190 426-426 426-426-190-426-426 190-426 426-426z"
        ],
        "attrs": [],
        "isMulticolor": false,
        "isMulticolor2": false,
        "tags": [
          "schedule"
        ],
        "defaultCode": 59573,
        "grid": 24
      },
      "attrs": [],
      "properties": {
        "ligatures": "access_time, query_builder, schedule",
        "id": 4,
        "order": 665,
        "prevSize": 24,
        "code": 59573,
        "name": "schedule"
      },
      "setIdx": 1,
      "setId": 10,
      "iconIdx": 4
    },
    {
      "icon": {
        "paths": [
          "M512 820c106 0 200-56 256-138-2-84-172-132-256-132-86 0-254 48-256 132 56 82 150 138 256 138zM512 214c-70 0-128 58-128 128s58 128 128 128 128-58 128-128-58-128-128-128zM512 86c236 0 426 190 426 426s-190 426-426 426-426-190-426-426 190-426 426-426z"
        ],
        "attrs": [],
        "isMulticolor": false,
        "isMulticolor2": false,
        "tags": [
          "account_circle"
        ],
        "defaultCode": 59475,
        "grid": 24
      },
      "attrs": [],
      "properties": {
        "ligatures": "account_circle",
        "id": 10,
        "order": 666,
        "prevSize": 24,
        "code": 59475,
        "name": "account_circle"
      },
      "setIdx": 1,
      "setId": 10,
      "iconIdx": 10
    },
    {
      "icon": {
        "paths": [
          "M726 554v-84h-172v-172h-84v172h-172v84h172v172h84v-172h172zM512 86c236 0 426 190 426 426s-190 426-426 426-426-190-426-426 190-426 426-426z"
        ],
        "attrs": [],
        "isMulticolor": false,
        "isMulticolor2": false,
        "tags": [
          "add_circle"
        ],
        "defaultCode": 57671,
        "grid": 24
      },
      "attrs": [],
      "properties": {
        "ligatures": "add_circle",
        "id": 17,
        "order": 667,
        "prevSize": 24,
        "code": 57671,
        "name": "add_circle"
      },
      "setIdx": 1,
      "setId": 10,
      "iconIdx": 17
    },
    {
      "icon": {
        "paths": [
          "M512 854c188 0 342-154 342-342s-154-342-342-342-342 154-342 342 154 342 342 342zM512 86c236 0 426 190 426 426s-190 426-426 426-426-190-426-426 190-426 426-426zM554 298v172h172v84h-172v172h-84v-172h-172v-84h172v-172h84z"
        ],
        "attrs": [],
        "isMulticolor": false,
        "isMulticolor2": false,
        "tags": [
          "control_point"
        ],
        "defaultCode": 58298,
        "grid": 24
      },
      "attrs": [],
      "properties": {
        "ligatures": "add_circle_outline, control_point",
        "id": 18,
        "order": 668,
        "prevSize": 24,
        "code": 58298,
        "name": "control_point"
      },
      "setIdx": 1,
      "setId": 10,
      "iconIdx": 18
    },
    {
      "icon": {
        "paths": [
          "M810 298c94 0 172 78 172 172v256h-940v-428h86v300h342v-300h340zM298 554c-70 0-128-58-128-128s58-128 128-128 128 58 128 128-58 128-128 128z"
        ],
        "attrs": [],
        "isMulticolor": false,
        "isMulticolor2": false,
        "tags": [
          "airline_seat_individual_suite"
        ],
        "defaultCode": 58930,
        "grid": 24
      },
      "attrs": [],
      "properties": {
        "ligatures": "airline_seat_individual_suite",
        "id": 26,
        "order": 671,
        "prevSize": 24,
        "code": 58930,
        "name": "airline_seat_individual_suite"
      },
      "setIdx": 1,
      "setId": 10,
      "iconIdx": 26
    },
    {
      "icon": {
        "paths": [
          "M896 682l-342-106v234l86 64v64l-150-42-148 42v-64l84-64v-234l-340 106v-84l340-214v-234c0-36 28-64 64-64s64 28 64 64v234l342 214v84z"
        ],
        "attrs": [],
        "isMulticolor": false,
        "isMulticolor2": false,
        "tags": [
          "flight"
        ],
        "defaultCode": 58681,
        "grid": 24
      },
      "attrs": [],
      "properties": {
        "ligatures": "airplanemode_active, flight",
        "id": 32,
        "order": 669,
        "prevSize": 24,
        "code": 58681,
        "name": "flight"
      },
      "setIdx": 1,
      "setId": 10,
      "iconIdx": 32
    },
    {
      "icon": {
        "paths": [
          "M896 812v-600h-768v600h768zM896 128c46 0 86 40 86 86v596c0 46-40 86-86 86h-768c-46 0-86-40-86-86v-596c0-46 40-86 86-86h768zM298 384v128h-84v-214h212v86h-128zM810 512v214h-212v-86h128v-128h84z"
        ],
        "attrs": [],
        "isMulticolor": false,
        "isMulticolor2": false,
        "tags": [
          "aspect_ratio"
        ],
        "defaultCode": 59483,
        "grid": 24
      },
      "attrs": [],
      "properties": {
        "ligatures": "aspect_ratio",
        "id": 53,
        "order": 672,
        "prevSize": 24,
        "code": 59483,
        "name": "aspect_ratio"
      },
      "setIdx": 1,
      "setId": 10,
      "iconIdx": 53
    },
    {
      "icon": {
        "paths": [
          "M504 466c96 26 200 64 200 186 0 88-66 136-150 152v92h-128v-92c-82-18-150-70-156-164h94c4 50 38 90 126 90 94 0 116-46 116-76 0-40-22-78-128-104-120-28-200-78-200-176 0-82 66-136 148-154v-92h128v94c90 22 136 88 138 162h-94c-2-54-32-90-108-90-72 0-114 34-114 80 0 40 32 66 128 92z"
        ],
        "attrs": [],
        "isMulticolor": false,
        "isMulticolor2": false,
        "tags": [
          "attach_money"
        ],
        "defaultCode": 57895,
        "grid": 24
      },
      "attrs": [],
      "properties": {
        "ligatures": "attach_money",
        "id": 64,
        "order": 673,
        "prevSize": 24,
        "code": 57895,
        "name": "attach_money"
      },
      "setIdx": 1,
      "setId": 10,
      "iconIdx": 64
    },
    {
      "icon": {
        "paths": [
          "M426 682l384-384-60-60-324 324-152-152-60 60zM810 42c46 0 86 40 86 86v552c0 30-16 54-38 70l-346 232-346-232c-22-16-38-40-38-70v-552c0-46 40-86 86-86h596z"
        ],
        "attrs": [],
        "isMulticolor": false,
        "isMulticolor2": false,
        "tags": [
          "beenhere"
        ],
        "defaultCode": 58669,
        "grid": 24
      },
      "attrs": [],
      "properties": {
        "ligatures": "beenhere",
        "id": 76,
        "order": 674,
        "prevSize": 24,
        "code": 58669,
        "name": "beenhere"
      },
      "setIdx": 1,
      "setId": 10,
      "iconIdx": 76
    },
    {
      "icon": {
        "paths": [
          "M256 512h128l-170 170-172-170h128c0-188 154-342 342-342 66 0 130 20 182 54l-62 62c-36-20-76-30-120-30-142 0-256 114-256 256zM810 342l172 170h-128c0 188-154 342-342 342-66 0-130-20-182-54l62-62c36 20 76 30 120 30 142 0 256-114 256-256h-128z"
        ],
        "attrs": [],
        "isMulticolor": false,
        "isMulticolor2": false,
        "tags": [
          "cached"
        ],
        "defaultCode": 59498,
        "grid": 24
      },
      "attrs": [],
      "properties": {
        "ligatures": "cached",
        "id": 118,
        "order": 683,
        "prevSize": 24,
        "code": 59498,
        "name": "cached"
      },
      "setIdx": 1,
      "setId": 10,
      "iconIdx": 118
    },
    {
      "icon": {
        "paths": [
          "M282 460c62 120 162 220 282 282l94-94c12-12 30-16 44-10 48 16 100 24 152 24 24 0 42 18 42 42v150c0 24-18 42-42 42-400 0-726-326-726-726 0-24 18-42 42-42h150c24 0 42 18 42 42 0 54 8 104 24 152 4 14 2 32-10 44z"
        ],
        "attrs": [],
        "isMulticolor": false,
        "isMulticolor2": false,
        "tags": [
          "phone"
        ],
        "defaultCode": 57549,
        "grid": 24
      },
      "attrs": [],
      "properties": {
        "ligatures": "call, local_phone, phone",
        "id": 120,
        "order": 682,
        "prevSize": 24,
        "code": 57549,
        "name": "phone"
      },
      "setIdx": 1,
      "setId": 10,
      "iconIdx": 120
    },
    {
      "icon": {
        "paths": [
          "M768 342v-86h-512v86h512zM598 598v-86h-342v86h342zM256 384v86h512v-86h-512zM854 86c46 0 84 38 84 84v512c0 46-38 86-84 86h-598l-170 170v-768c0-46 38-84 84-84h684z"
        ],
        "attrs": [],
        "isMulticolor": false,
        "isMulticolor2": false,
        "tags": [
          "chat"
        ],
        "defaultCode": 57527,
        "grid": 24
      },
      "attrs": [],
      "properties": {
        "ligatures": "chat",
        "id": 145,
        "order": 677,
        "prevSize": 24,
        "code": 57527,
        "name": "chat"
      },
      "setIdx": 1,
      "setId": 10,
      "iconIdx": 145
    },
    {
      "icon": {
        "paths": [
          "M384 690l452-452 60 60-512 512-238-238 60-60z"
        ],
        "attrs": [],
        "isMulticolor": false,
        "isMulticolor2": false,
        "tags": [
          "check"
        ],
        "defaultCode": 58826,
        "grid": 24
      },
      "attrs": [],
      "properties": {
        "ligatures": "check",
        "id": 148,
        "order": 681,
        "prevSize": 24,
        "code": 58826,
        "name": "check"
      },
      "setIdx": 1,
      "setId": 10,
      "iconIdx": 148
    },
    {
      "icon": {
        "paths": [
          "M426 726l384-384-60-62-324 324-152-152-60 60zM810 128c48 0 86 40 86 86v596c0 46-38 86-86 86h-596c-48 0-86-40-86-86v-596c0-46 38-86 86-86h596z"
        ],
        "attrs": [],
        "isMulticolor": false,
        "isMulticolor2": false,
        "tags": [
          "check_box"
        ],
        "defaultCode": 59444,
        "grid": 24
      },
      "attrs": [],
      "properties": {
        "ligatures": "check_box",
        "id": 149,
        "order": 678,
        "prevSize": 24,
        "code": 59444,
        "name": "check_box"
      },
      "setIdx": 1,
      "setId": 10,
      "iconIdx": 149
    },
    {
      "icon": {
        "paths": [
          "M426 726l384-384-60-62-324 324-152-152-60 60zM512 86c236 0 426 190 426 426s-190 426-426 426-426-190-426-426 190-426 426-426z"
        ],
        "attrs": [],
        "isMulticolor": false,
        "isMulticolor2": false,
        "tags": [
          "check_circle"
        ],
        "defaultCode": 59500,
        "grid": 24
      },
      "attrs": [],
      "properties": {
        "ligatures": "check_circle",
        "id": 151,
        "order": 679,
        "prevSize": 24,
        "code": 59500,
        "name": "check_circle"
      },
      "setIdx": 1,
      "setId": 10,
      "iconIdx": 151
    },
    {
      "icon": {
        "paths": [
          "M810 274l-238 238 238 238-60 60-238-238-238 238-60-60 238-238-238-238 60-60 238 238 238-238z"
        ],
        "attrs": [],
        "isMulticolor": false,
        "isMulticolor2": false,
        "tags": [
          "close"
        ],
        "defaultCode": 58829,
        "grid": 24
      },
      "attrs": [],
      "properties": {
        "ligatures": "clear, close",
        "id": 157,
        "order": 680,
        "prevSize": 24,
        "code": 58829,
        "name": "close"
      },
      "setIdx": 1,
      "setId": 10,
      "iconIdx": 157
    },
    {
      "icon": {
        "paths": [
          "M170 256v426h684v-426h-684zM854 768h170v86h-1024v-86h170c-46 0-84-40-84-86v-426c0-46 38-86 84-86h684c46 0 84 40 84 86v426c0 46-38 86-84 86z"
        ],
        "attrs": [],
        "isMulticolor": false,
        "isMulticolor2": false,
        "tags": [
          "laptop"
        ],
        "defaultCode": 58142,
        "grid": 24
      },
      "attrs": [],
      "properties": {
        "ligatures": "computer, laptop",
        "id": 174,
        "order": 675,
        "prevSize": 24,
        "code": 58142,
        "name": "laptop"
      },
      "setIdx": 1,
      "setId": 10,
      "iconIdx": 174
    },
    {
      "icon": {
        "paths": [
          "M854 342v-86h-684v86h684zM854 768v-256h-684v256h684zM854 170c48 0 84 38 84 86v512c0 48-36 86-84 86h-684c-48 0-84-38-84-86v-512c0-48 36-86 84-86h684z"
        ],
        "attrs": [],
        "isMulticolor": false,
        "isMulticolor2": false,
        "tags": [
          "payment"
        ],
        "defaultCode": 59553,
        "grid": 24
      },
      "attrs": [],
      "properties": {
        "ligatures": "credit_card, payment",
        "id": 186,
        "order": 676,
        "prevSize": 24,
        "code": 59553,
        "name": "payment"
      },
      "setIdx": 1,
      "setId": 10,
      "iconIdx": 186
    },
    {
      "icon": {
        "paths": [
          "M598 616c-136.472-37.528-274.090-73.91-412-110l-68-20v-220l62 16 40 100 212 56v-352l82 22 118 384 226 60c34 10 54 46 46 80-10 34-44 52-78 44zM106 810h812v86h-812v-86z"
        ],
        "attrs": [],
        "isMulticolor": false,
        "isMulticolor2": false,
        "tags": [
          "flight_land"
        ],
        "defaultCode": 59652,
        "grid": 24
      },
      "attrs": [],
      "properties": {
        "ligatures": "flight_land",
        "id": 310,
        "order": 684,
        "prevSize": 24,
        "code": 59652,
        "name": "flight_land"
      },
      "setIdx": 1,
      "setId": 10,
      "iconIdx": 310
    },
    {
      "icon": {
        "paths": [
          "M942 412c8 34-12 68-46 78-137.558 36.442-275.002 72.998-412 110l-226 60-68 20c-37.52-63.813-74.693-127.974-112-192l62-16 84 64 212-56-176-306 82-22 294 274 228-60c34-10 70 12 78 46zM106 810h812v86h-812v-86z"
        ],
        "attrs": [],
        "isMulticolor": false,
        "isMulticolor2": false,
        "tags": [
          "flight_takeoff"
        ],
        "defaultCode": 59653,
        "grid": 24
      },
      "attrs": [],
      "properties": {
        "ligatures": "flight_takeoff",
        "id": 311,
        "order": 685,
        "prevSize": 24,
        "code": 59653,
        "name": "flight_takeoff"
      },
      "setIdx": 1,
      "setId": 10,
      "iconIdx": 311
    },
    {
      "icon": {
        "paths": [
          "M170 810h684v86h-684v-86zM854 342v-128h-86v128h86zM854 128c48 0 84 38 84 86v128c0 46-36 84-84 84h-86v128c0 94-76 172-170 172h-256c-94 0-172-78-172-172v-426h684z"
        ],
        "attrs": [],
        "isMulticolor": false,
        "isMulticolor2": false,
        "tags": [
          "free_breakfast"
        ],
        "defaultCode": 60228,
        "grid": 24
      },
      "attrs": [],
      "properties": {
        "ligatures": "free_breakfast",
        "id": 348,
        "order": 686,
        "prevSize": 24,
        "code": 60228,
        "name": "free_breakfast"
      },
      "setIdx": 1,
      "setId": 10,
      "iconIdx": 348
    },
    {
      "icon": {
        "paths": [
          "M640 598c114 0 342 56 342 170v86h-684v-86c0-114 228-170 342-170zM256 426h128v86h-128v128h-86v-128h-128v-86h128v-128h86v128zM640 512c-94 0-170-76-170-170s76-172 170-172 170 78 170 172-76 170-170 170z"
        ],
        "attrs": [],
        "isMulticolor": false,
        "isMulticolor2": false,
        "tags": [
          "person_add"
        ],
        "defaultCode": 59390,
        "grid": 24
      },
      "attrs": [],
      "properties": {
        "ligatures": "person_add",
        "id": 558,
        "order": 687,
        "prevSize": 24,
        "code": 59390,
        "name": "person_add"
      },
      "setIdx": 1,
      "setId": 10,
      "iconIdx": 558
    },
    {
      "icon": {
        "paths": [
          "M908.8 421.6l-366.667-366.4c-8-8-18.933-12.533-30.133-12.533h-426.667c-23.467 0-42.667 19.2-42.667 42.667v426.667c0 11.2 4.533 22.133 12.533 30.133l366.4 366.133c24.267 24.267 56.267 37.6 90.667 37.6 34.133 0 66.4-13.333 90.667-37.6l305.867-305.867c0.267-0.267 0.267-0.267 0.533-0.533 23.733-24 36.8-56 36.8-89.867-0.267-34.133-13.333-66.133-37.333-90.4zM848.267 542.133c0 0-0.267 0.267-0.267 0.267l-305.6 305.6c-8 8-18.667 12.533-30.133 12.533s-22.133-4.533-30.133-12.533l-354.133-353.6v-366.4h366.4l353.867 353.867c8 8 12.533 18.667 12.533 30.133-0.267 11.467-4.533 22.133-12.533 30.133z",
          "M298.667 256c-11.2 0-22.133 4.533-30.133 12.533s-12.533 18.933-12.533 30.133 4.533 22.133 12.533 30.133c8 8 18.933 12.533 30.133 12.533s22.133-4.533 30.133-12.533c8-8 12.533-18.933 12.533-30.133s-4.533-22.133-12.533-30.133c-8-8-18.933-12.533-30.133-12.533z"
        ],
        "attrs": [],
        "isMulticolor": false,
        "isMulticolor2": false,
        "tags": [
          "tag"
        ],
        "grid": 24
      },
      "attrs": [],
      "properties": {
        "id": 135,
        "order": 690,
        "prevSize": 24,
        "code": 59648,
        "name": "tag2"
      },
      "setIdx": 2,
      "setId": 9,
      "iconIdx": 134
    },
    {
      "icon": {
        "paths": [
          "M512 42.667c-258.667 0-469.333 210.667-469.333 469.333s210.667 469.333 469.333 469.333 469.333-210.667 469.333-469.333-210.667-469.333-469.333-469.333zM512 896c-211.733 0-384-172.267-384-384s172.267-384 384-384c211.733 0 384 172.267 384 384s-172.267 384-384 384z",
          "M670.133 353.867c-16.533-16.533-43.733-16.533-60.267 0l-97.867 97.867-97.867-97.867c-16.533-16.533-43.733-16.533-60.267 0s-16.533 43.733 0 60.267l97.867 97.867-97.867 97.867c-16.533 16.533-16.533 43.733 0 60.267 8.267 8.267 19.2 12.533 30.133 12.533s21.867-4.267 30.133-12.533l97.867-97.867 97.867 97.867c8.267 8.267 19.2 12.533 30.133 12.533s21.867-4.267 30.133-12.533c16.533-16.533 16.533-43.733 0-60.267l-97.867-97.867 97.867-97.867c16.8-16.533 16.8-43.733 0-60.267z"
        ],
        "attrs": [],
        "isMulticolor": false,
        "isMulticolor2": false,
        "tags": [
          "x-circle"
        ],
        "grid": 24
      },
      "attrs": [],
      "properties": {
        "id": 158,
        "order": 688,
        "prevSize": 24,
        "code": 59654,
        "name": "x-circle"
      },
      "setIdx": 2,
      "setId": 9,
      "iconIdx": 157
    },
    {
      "icon": {
        "paths": [
          "M810.667 85.333h-597.333c-70.667 0-128 57.333-128 128v597.333c0 70.667 57.333 128 128 128h597.333c70.667 0 128-57.333 128-128v-597.333c0-70.667-57.333-128-128-128zM853.333 810.667c0 23.467-19.2 42.667-42.667 42.667h-597.333c-23.467 0-42.667-19.2-42.667-42.667v-597.333c0-23.467 19.2-42.667 42.667-42.667h597.333c23.467 0 42.667 19.2 42.667 42.667v597.333z",
          "M670.133 353.867c-16.533-16.533-43.733-16.533-60.267 0l-97.867 97.867-97.867-97.867c-16.533-16.533-43.733-16.533-60.267 0s-16.533 43.733 0 60.267l97.867 97.867-97.867 97.867c-16.533 16.533-16.533 43.733 0 60.267 8.267 8.267 19.2 12.533 30.133 12.533s21.867-4.267 30.133-12.533l97.867-97.867 97.867 97.867c8.267 8.267 19.2 12.533 30.133 12.533s21.867-4.267 30.133-12.533c16.533-16.533 16.533-43.733 0-60.267l-97.867-97.867 97.867-97.867c16.8-16.533 16.8-43.733 0-60.267z"
        ],
        "attrs": [],
        "isMulticolor": false,
        "isMulticolor2": false,
        "tags": [
          "x-square"
        ],
        "grid": 24
      },
      "attrs": [],
      "properties": {
        "id": 159,
        "order": 689,
        "prevSize": 24,
        "code": 59655,
        "name": "x-square"
      },
      "setIdx": 2,
      "setId": 9,
      "iconIdx": 158
    },
    {
      "icon": {
        "paths": [
          "M804.571 420.571v109.714c0 30.286-24.571 54.857-54.857 54.857h-237.714v237.714c0 30.286-24.571 54.857-54.857 54.857h-109.714c-30.286 0-54.857-24.571-54.857-54.857v-237.714h-237.714c-30.286 0-54.857-24.571-54.857-54.857v-109.714c0-30.286 24.571-54.857 54.857-54.857h237.714v-237.714c0-30.286 24.571-54.857 54.857-54.857h109.714c30.286 0 54.857 24.571 54.857 54.857v237.714h237.714c30.286 0 54.857 24.571 54.857 54.857z"
        ],
        "width": 804.5714285714286,
        "attrs": [],
        "isMulticolor": false,
        "isMulticolor2": false,
        "tags": [
          "plus"
        ],
        "defaultCode": 61543,
        "grid": 14
      },
      "attrs": [],
      "properties": {
        "name": "plus",
        "id": 1,
        "order": 695,
        "prevSize": 28,
        "code": 61543
      },
      "setIdx": 4,
      "setId": 6,
      "iconIdx": 1
    },
    {
      "icon": {
        "paths": [
          "M804.571 420.571v109.714c0 30.286-24.571 54.857-54.857 54.857h-694.857c-30.286 0-54.857-24.571-54.857-54.857v-109.714c0-30.286 24.571-54.857 54.857-54.857h694.857c30.286 0 54.857 24.571 54.857 54.857z"
        ],
        "width": 804.5714285714286,
        "attrs": [],
        "isMulticolor": false,
        "isMulticolor2": false,
        "tags": [
          "minus"
        ],
        "defaultCode": 61544,
        "grid": 14
      },
      "attrs": [],
      "properties": {
        "name": "minus",
        "id": 3,
        "order": 696,
        "prevSize": 28,
        "code": 61544
      },
      "setIdx": 4,
      "setId": 6,
      "iconIdx": 3
    },
    {
      "icon": {
        "paths": [
          "M950.857 859.429v-438.857c-12 13.714-25.143 26.286-39.429 37.714-81.714 62.857-164 126.857-243.429 193.143-42.857 36-96 80-155.429 80h-1.143c-59.429 0-112.571-44-155.429-80-79.429-66.286-161.714-130.286-243.429-193.143-14.286-11.429-27.429-24-39.429-37.714v438.857c0 9.714 8.571 18.286 18.286 18.286h841.143c9.714 0 18.286-8.571 18.286-18.286zM950.857 258.857c0-14.286 3.429-39.429-18.286-39.429h-841.143c-9.714 0-18.286 8.571-18.286 18.286 0 65.143 32.571 121.714 84 162.286 76.571 60 153.143 120.571 229.143 181.143 30.286 24.571 85.143 77.143 125.143 77.143h1.143c40 0 94.857-52.571 125.143-77.143 76-60.571 152.571-121.143 229.143-181.143 37.143-29.143 84-92.571 84-141.143zM1024 237.714v621.714c0 50.286-41.143 91.429-91.429 91.429h-841.143c-50.286 0-91.429-41.143-91.429-91.429v-621.714c0-50.286 41.143-91.429 91.429-91.429h841.143c50.286 0 91.429 41.143 91.429 91.429z"
        ],
        "width": 1024,
        "attrs": [],
        "isMulticolor": false,
        "isMulticolor2": false,
        "tags": [
          "envelope-o"
        ],
        "defaultCode": 61443,
        "grid": 14
      },
      "attrs": [],
      "properties": {
        "name": "envelope-o",
        "id": 7,
        "order": 734,
        "prevSize": 28,
        "code": 61443
      },
      "setIdx": 4,
      "setId": 6,
      "iconIdx": 7
    },
    {
      "icon": {
        "paths": [
          "M731.429 799.429c0 83.429-54.857 151.429-121.714 151.429h-488c-66.857 0-121.714-68-121.714-151.429 0-150.286 37.143-324 186.857-324 46.286 45.143 109.143 73.143 178.857 73.143s132.571-28 178.857-73.143c149.714 0 186.857 173.714 186.857 324zM585.143 292.571c0 121.143-98.286 219.429-219.429 219.429s-219.429-98.286-219.429-219.429 98.286-219.429 219.429-219.429 219.429 98.286 219.429 219.429z"
        ],
        "width": 731.4285714285713,
        "attrs": [],
        "isMulticolor": false,
        "isMulticolor2": false,
        "tags": [
          "user"
        ],
        "defaultCode": 61447,
        "grid": 14
      },
      "attrs": [],
      "properties": {
        "name": "user",
        "id": 11,
        "order": 697,
        "prevSize": 28,
        "code": 61447
      },
      "setIdx": 4,
      "setId": 6,
      "iconIdx": 11
    },
    {
      "icon": {
        "paths": [
          "M292.571 420.571v329.143c0 10.286-8 18.286-18.286 18.286h-36.571c-10.286 0-18.286-8-18.286-18.286v-329.143c0-10.286 8-18.286 18.286-18.286h36.571c10.286 0 18.286 8 18.286 18.286zM438.857 420.571v329.143c0 10.286-8 18.286-18.286 18.286h-36.571c-10.286 0-18.286-8-18.286-18.286v-329.143c0-10.286 8-18.286 18.286-18.286h36.571c10.286 0 18.286 8 18.286 18.286zM585.143 420.571v329.143c0 10.286-8 18.286-18.286 18.286h-36.571c-10.286 0-18.286-8-18.286-18.286v-329.143c0-10.286 8-18.286 18.286-18.286h36.571c10.286 0 18.286 8 18.286 18.286zM658.286 834.286v-541.714h-512v541.714c0 27.429 15.429 43.429 18.286 43.429h475.429c2.857 0 18.286-16 18.286-43.429zM274.286 219.429h256l-27.429-66.857c-1.714-2.286-6.857-5.714-9.714-6.286h-181.143c-3.429 0.571-8 4-9.714 6.286zM804.571 237.714v36.571c0 10.286-8 18.286-18.286 18.286h-54.857v541.714c0 62.857-41.143 116.571-91.429 116.571h-475.429c-50.286 0-91.429-51.429-91.429-114.286v-544h-54.857c-10.286 0-18.286-8-18.286-18.286v-36.571c0-10.286 8-18.286 18.286-18.286h176.571l40-95.429c11.429-28 45.714-50.857 76-50.857h182.857c30.286 0 64.571 22.857 76 50.857l40 95.429h176.571c10.286 0 18.286 8 18.286 18.286z"
        ],
        "width": 804.5714285714286,
        "attrs": [],
        "isMulticolor": false,
        "isMulticolor2": false,
        "tags": [
          "trash-o"
        ],
        "defaultCode": 61460,
        "grid": 14
      },
      "attrs": [],
      "properties": {
        "name": "trash-o",
        "id": 23,
        "order": 693,
        "prevSize": 28,
        "code": 61460
      },
      "setIdx": 4,
      "setId": 6,
      "iconIdx": 23
    },
    {
      "icon": {
        "paths": [
          "M804.571 566.857v274.286c0 20-16.571 36.571-36.571 36.571h-219.429v-219.429h-146.286v219.429h-219.429c-20 0-36.571-16.571-36.571-36.571v-274.286c0-1.143 0.571-2.286 0.571-3.429l328.571-270.857 328.571 270.857c0.571 1.143 0.571 2.286 0.571 3.429zM932 527.429l-35.429 42.286c-2.857 3.429-7.429 5.714-12 6.286h-1.714c-4.571 0-8.571-1.143-12-4l-395.429-329.714-395.429 329.714c-4 2.857-8.571 4.571-13.714 4-4.571-0.571-9.143-2.857-12-6.286l-35.429-42.286c-6.286-7.429-5.143-19.429 2.286-25.714l410.857-342.286c24-20 62.857-20 86.857 0l139.429 116.571v-111.429c0-10.286 8-18.286 18.286-18.286h109.714c10.286 0 18.286 8 18.286 18.286v233.143l125.143 104c7.429 6.286 8.571 18.286 2.286 25.714z"
        ],
        "width": 950.8571428571428,
        "attrs": [],
        "isMulticolor": false,
        "isMulticolor2": false,
        "tags": [
          "home"
        ],
        "defaultCode": 61461,
        "grid": 14
      },
      "attrs": [],
      "properties": {
        "name": "home",
        "id": 24,
        "order": 694,
        "prevSize": 28,
        "code": 61461
      },
      "setIdx": 4,
      "setId": 6,
      "iconIdx": 24
    },
    {
      "icon": {
        "paths": [
          "M256 256c0-40.571-32.571-73.143-73.143-73.143s-73.143 32.571-73.143 73.143 32.571 73.143 73.143 73.143 73.143-32.571 73.143-73.143zM865.714 585.143c0 19.429-8 38.286-21.143 51.429l-280.571 281.143c-13.714 13.143-32.571 21.143-52 21.143s-38.286-8-51.429-21.143l-408.571-409.143c-29.143-28.571-52-84-52-124.571v-237.714c0-40 33.143-73.143 73.143-73.143h237.714c40.571 0 96 22.857 125.143 52l408.571 408c13.143 13.714 21.143 32.571 21.143 52z"
        ],
        "width": 865.7188571428571,
        "attrs": [],
        "isMulticolor": false,
        "isMulticolor2": false,
        "tags": [
          "tag"
        ],
        "defaultCode": 61483,
        "grid": 14
      },
      "attrs": [],
      "properties": {
        "name": "tag",
        "id": 44,
        "order": 692,
        "prevSize": 28,
        "code": 61483
      },
      "setIdx": 4,
      "setId": 6,
      "iconIdx": 44
    },
    {
      "icon": {
        "paths": [
          "M256 256c0-40.571-32.571-73.143-73.143-73.143s-73.143 32.571-73.143 73.143 32.571 73.143 73.143 73.143 73.143-32.571 73.143-73.143zM865.714 585.143c0 19.429-8 38.286-21.143 51.429l-280.571 281.143c-13.714 13.143-32.571 21.143-52 21.143s-38.286-8-51.429-21.143l-408.571-409.143c-29.143-28.571-52-84-52-124.571v-237.714c0-40 33.143-73.143 73.143-73.143h237.714c40.571 0 96 22.857 125.143 52l408.571 408c13.143 13.714 21.143 32.571 21.143 52zM1085.143 585.143c0 19.429-8 38.286-21.143 51.429l-280.571 281.143c-13.714 13.143-32.571 21.143-52 21.143-29.714 0-44.571-13.714-64-33.714l268.571-268.571c13.143-13.143 21.143-32 21.143-51.429s-8-38.286-21.143-52l-408.571-408c-29.143-29.143-84.571-52-125.143-52h128c40.571 0 96 22.857 125.143 52l408.571 408c13.143 13.714 21.143 32.571 21.143 52z"
        ],
        "width": 1085.1474285714285,
        "attrs": [],
        "isMulticolor": false,
        "isMulticolor2": false,
        "tags": [
          "tags"
        ],
        "defaultCode": 61484,
        "grid": 14
      },
      "attrs": [],
      "properties": {
        "name": "tags",
        "id": 45,
        "order": 691,
        "prevSize": 28,
        "code": 61484
      },
      "setIdx": 4,
      "setId": 6,
      "iconIdx": 45
    },
    {
      "icon": {
        "paths": [
          "M786.286 91.429c36.571 36.571 0 128-54.857 182.857l-92 92 91.429 397.714c1.714 6.857-1.143 14.286-6.857 18.857l-73.143 54.857c-2.857 2.286-6.857 3.429-10.857 3.429-1.143 0-2.286 0-4-0.571-5.143-1.143-9.714-4-12-9.143l-159.429-290.286-148 148 30.286 110.857c1.714 6.286 0 12.571-4.571 17.714l-54.857 54.857c-3.429 3.429-8.571 5.143-13.143 5.143h-1.143c-5.714-0.571-10.286-2.857-13.714-7.429l-108-144-144-108c-4.571-2.857-6.857-8-7.429-13.143s1.714-10.286 5.143-14.286l54.857-55.429c3.429-3.429 8.571-5.143 13.143-5.143 1.714 0 3.429 0 4.571 0.571l110.857 30.286 148-148-290.286-159.429c-5.143-2.857-8.571-8-9.714-13.714-0.571-5.143 1.143-11.429 5.143-15.429l73.143-73.143c4.571-4 11.429-6.286 17.143-4.571l380 90.857 91.429-91.429c54.857-54.857 146.286-91.429 182.857-54.857z"
        ],
        "width": 822.272,
        "attrs": [],
        "isMulticolor": false,
        "isMulticolor2": false,
        "tags": [
          "plane"
        ],
        "defaultCode": 61554,
        "grid": 14
      },
      "attrs": [],
      "properties": {
        "name": "plane",
        "id": 108,
        "order": 700,
        "prevSize": 28,
        "code": 61554
      },
      "setIdx": 4,
      "setId": 6,
      "iconIdx": 108
    },
    {
      "icon": {
        "paths": [
          "M146.286 768c0-20-16.571-36.571-36.571-36.571s-36.571 16.571-36.571 36.571 16.571 36.571 36.571 36.571 36.571-16.571 36.571-36.571zM804.571 438.857c0-38.857-34.857-73.143-73.143-73.143h-201.143c0-66.857 54.857-115.429 54.857-182.857 0-66.857-13.143-109.714-91.429-109.714-36.571 37.143-17.714 124.571-73.143 182.857-16 16.571-29.714 34.286-44 52-25.714 33.143-93.714 130.857-138.857 130.857h-18.286v365.714h18.286c32 0 84.571 20.571 115.429 31.429 62.857 21.714 128 41.714 195.429 41.714h69.143c64.571 0 109.714-25.714 109.714-95.429 0-10.857-1.143-21.714-2.857-32 24-13.143 37.143-45.714 37.143-72 0-13.714-3.429-27.429-10.286-39.429 19.429-18.286 30.286-41.143 30.286-68 0-18.286-8-45.143-20-58.857 26.857-0.571 42.857-52 42.857-73.143zM877.714 438.286c0 33.143-9.714 65.714-28 93.143 3.429 12.571 5.143 26.286 5.143 39.429 0 28.571-7.429 57.143-21.714 82.286 1.143 8 1.714 16.571 1.714 24.571 0 36.571-12 73.143-34.286 101.714 1.143 108-72.571 171.429-178.286 171.429h-73.714c-81.143 0-156.571-24-232-50.286-16.571-5.714-62.857-22.857-78.857-22.857h-164.571c-40.571 0-73.143-32.571-73.143-73.143v-365.714c0-40.571 32.571-73.143 73.143-73.143h156.571c22.286-14.857 61.143-66.286 78.286-88.571 19.429-25.143 39.429-49.714 61.143-73.143 34.286-36.571 16-126.857 73.143-182.857 13.714-13.143 32-21.143 51.429-21.143 59.429 0 116.571 21.143 144.571 76.571 17.714 34.857 20 68 20 106.286 0 40-10.286 74.286-27.429 109.714h100.571c78.857 0 146.286 66.857 146.286 145.714z"
        ],
        "width": 877.7142857142857,
        "attrs": [],
        "isMulticolor": false,
        "isMulticolor2": false,
        "tags": [
          "thumbs-o-up"
        ],
        "defaultCode": 61575,
        "grid": 14
      },
      "attrs": [],
      "properties": {
        "name": "thumbs-o-up",
        "id": 128,
        "order": 698,
        "prevSize": 28,
        "code": 61575
      },
      "setIdx": 4,
      "setId": 6,
      "iconIdx": 128
    },
    {
      "icon": {
        "paths": [
          "M146.286 256c0-20-16.571-36.571-36.571-36.571s-36.571 16.571-36.571 36.571 16.571 36.571 36.571 36.571 36.571-16.571 36.571-36.571zM804.571 585.143c0-21.143-16-72.571-42.857-73.143 12-13.714 20-40.571 20-58.857 0-26.857-10.857-49.714-30.286-68 6.857-12 10.286-25.714 10.286-39.429 0-26.286-13.143-58.857-37.143-72 1.714-10.286 2.857-21.143 2.857-32 0-66.857-42.286-95.429-105.714-95.429h-73.143c-67.429 0-132.571 20-195.429 41.714-30.857 10.857-83.429 31.429-115.429 31.429h-18.286v365.714h18.286c45.143 0 113.143 97.714 138.857 130.857 14.286 17.714 28 35.429 44 52 55.429 58.286 36.571 145.714 73.143 182.857 78.286 0 91.429-42.857 91.429-109.714 0-67.429-54.857-116-54.857-182.857h201.143c38.286 0 73.143-34.286 73.143-73.143zM877.714 585.714c0 78.857-67.429 145.714-146.286 145.714h-100.571c17.143 35.429 27.429 69.714 27.429 109.714 0 37.714-2.286 72-20 106.286-28 55.429-85.143 76.571-144.571 76.571-19.429 0-37.714-8-51.429-21.143-57.143-56-39.429-146.286-73.143-183.429-21.714-22.857-41.714-47.429-61.143-72.571-17.143-22.286-56-73.714-78.286-88.571h-156.571c-40.571 0-73.143-32.571-73.143-73.143v-365.714c0-40.571 32.571-73.143 73.143-73.143h164.571c16 0 62.286-17.143 78.857-22.857 82.286-28.571 153.714-50.286 241.714-50.286h64c104 0 178.857 61.714 178.286 168.571v2.857c22.286 28.571 34.286 65.143 34.286 101.714 0 8-0.571 16.571-1.714 24.571 14.286 25.143 21.714 53.714 21.714 82.286 0 13.143-1.714 26.857-5.143 39.429 18.286 27.429 28 60 28 93.143z"
        ],
        "width": 877.7142857142857,
        "attrs": [],
        "isMulticolor": false,
        "isMulticolor2": false,
        "tags": [
          "thumbs-o-down"
        ],
        "defaultCode": 61576,
        "grid": 14
      },
      "attrs": [],
      "properties": {
        "name": "thumbs-o-down",
        "id": 129,
        "order": 699,
        "prevSize": 28,
        "code": 61576
      },
      "setIdx": 4,
      "setId": 6,
      "iconIdx": 129
    },
    {
      "icon": {
        "paths": [
          "M804.571 708.571c0 20.571-9.143 60.571-17.714 79.429-12 28-44 46.286-69.714 60.571-33.714 18.286-68 29.143-106.286 29.143-53.143 0-101.143-21.714-149.714-39.429-34.857-12.571-68.571-28-100-47.429-97.143-60-214.286-177.143-274.286-274.286-19.429-31.429-34.857-65.143-47.429-100-17.714-48.571-39.429-96.571-39.429-149.714 0-38.286 10.857-72.571 29.143-106.286 14.286-25.714 32.571-57.714 60.571-69.714 18.857-8.571 58.857-17.714 79.429-17.714 4 0 8 0 12 1.714 12 4 24.571 32 30.286 43.429 18.286 32.571 36 65.714 54.857 97.714 9.143 14.857 26.286 33.143 26.286 50.857 0 34.857-103.429 85.714-103.429 116.571 0 15.429 14.286 35.429 22.286 49.143 57.714 104 129.714 176 233.714 233.714 13.714 8 33.714 22.286 49.143 22.286 30.857 0 81.714-103.429 116.571-103.429 17.714 0 36 17.143 50.857 26.286 32 18.857 65.143 36.571 97.714 54.857 11.429 5.714 39.429 18.286 43.429 30.286 1.714 4 1.714 8 1.714 12z"
        ],
        "width": 804.5714285714286,
        "attrs": [],
        "isMulticolor": false,
        "isMulticolor2": false,
        "tags": [
          "phone"
        ],
        "defaultCode": 61589,
        "grid": 14
      },
      "attrs": [],
      "properties": {
        "name": "phone2",
        "id": 141,
        "order": 732,
        "prevSize": 28,
        "code": 61589
      },
      "setIdx": 4,
      "setId": 6,
      "iconIdx": 141
    },
    {
      "icon": {
        "paths": [
          "M877.714 768v73.143c0 20-16.571 36.571-36.571 36.571h-804.571c-20 0-36.571-16.571-36.571-36.571v-73.143c0-20 16.571-36.571 36.571-36.571h804.571c20 0 36.571 16.571 36.571 36.571zM877.714 475.429v73.143c0 20-16.571 36.571-36.571 36.571h-804.571c-20 0-36.571-16.571-36.571-36.571v-73.143c0-20 16.571-36.571 36.571-36.571h804.571c20 0 36.571 16.571 36.571 36.571zM877.714 182.857v73.143c0 20-16.571 36.571-36.571 36.571h-804.571c-20 0-36.571-16.571-36.571-36.571v-73.143c0-20 16.571-36.571 36.571-36.571h804.571c20 0 36.571 16.571 36.571 36.571z"
        ],
        "width": 877.7142857142857,
        "attrs": [],
        "isMulticolor": false,
        "isMulticolor2": false,
        "tags": [
          "bars",
          "navicon",
          "reorder"
        ],
        "defaultCode": 61641,
        "grid": 14
      },
      "attrs": [],
      "properties": {
        "name": "bars, navicon, reorder",
        "id": 178,
        "order": 733,
        "prevSize": 28,
        "code": 61641
      },
      "setIdx": 4,
      "setId": 6,
      "iconIdx": 178
    },
    {
      "icon": {
        "paths": [
          "M237.714 731.429c-50.286 0-91.429-41.143-91.429-91.429v-402.286c0-50.286 41.143-91.429 91.429-91.429h621.714c50.286 0 91.429 41.143 91.429 91.429v402.286c0 50.286-41.143 91.429-91.429 91.429h-621.714zM219.429 237.714v402.286c0 9.714 8.571 18.286 18.286 18.286h621.714c9.714 0 18.286-8.571 18.286-18.286v-402.286c0-9.714-8.571-18.286-18.286-18.286h-621.714c-9.714 0-18.286 8.571-18.286 18.286zM1005.714 768h91.429v54.857c0 30.286-41.143 54.857-91.429 54.857h-914.286c-50.286 0-91.429-24.571-91.429-54.857v-54.857h1005.714zM594.286 822.857c5.143 0 9.143-4 9.143-9.143s-4-9.143-9.143-9.143h-91.429c-5.143 0-9.143 4-9.143 9.143s4 9.143 9.143 9.143h91.429z"
        ],
        "width": 1097.142857142857,
        "attrs": [],
        "isMulticolor": false,
        "isMulticolor2": false,
        "tags": [
          "laptop"
        ],
        "defaultCode": 61705,
        "grid": 14
      },
      "attrs": [],
      "properties": {
        "name": "laptop2",
        "id": 238,
        "order": 730,
        "prevSize": 28,
        "code": 61705
      },
      "setIdx": 4,
      "setId": 6,
      "iconIdx": 238
    },
    {
      "icon": {
        "paths": [
          "M365.714 804.571c0-20-16.571-36.571-36.571-36.571s-36.571 16.571-36.571 36.571 16.571 36.571 36.571 36.571 36.571-16.571 36.571-36.571zM585.143 713.143v-548.571c0-9.714-8.571-18.286-18.286-18.286h-475.429c-9.714 0-18.286 8.571-18.286 18.286v548.571c0 9.714 8.571 18.286 18.286 18.286h475.429c9.714 0 18.286-8.571 18.286-18.286zM658.286 164.571v621.714c0 50.286-41.143 91.429-91.429 91.429h-475.429c-50.286 0-91.429-41.143-91.429-91.429v-621.714c0-50.286 41.143-91.429 91.429-91.429h475.429c50.286 0 91.429 41.143 91.429 91.429z"
        ],
        "width": 658.2857142857142,
        "attrs": [],
        "isMulticolor": false,
        "isMulticolor2": false,
        "tags": [
          "tablet"
        ],
        "defaultCode": 61706,
        "grid": 14
      },
      "attrs": [],
      "properties": {
        "name": "tablet",
        "id": 239,
        "order": 731,
        "prevSize": 28,
        "code": 61706
      },
      "setIdx": 4,
      "setId": 6,
      "iconIdx": 239
    },
    {
      "icon": {
        "paths": [
          "M877.714 749.714v-402.286c0-30.286-24.571-54.857-54.857-54.857h-402.286c-30.286 0-54.857-24.571-54.857-54.857v-36.571c0-30.286-24.571-54.857-54.857-54.857h-182.857c-30.286 0-54.857 24.571-54.857 54.857v548.571c0 30.286 24.571 54.857 54.857 54.857h694.857c30.286 0 54.857-24.571 54.857-54.857zM950.857 347.429v402.286c0 70.286-57.714 128-128 128h-694.857c-70.286 0-128-57.714-128-128v-548.571c0-70.286 57.714-128 128-128h182.857c70.286 0 128 57.714 128 128v18.286h384c70.286 0 128 57.714 128 128z"
        ],
        "width": 950.8571428571428,
        "attrs": [],
        "isMulticolor": false,
        "isMulticolor2": false,
        "tags": [
          "folder-o"
        ],
        "defaultCode": 61716,
        "grid": 14
      },
      "attrs": [],
      "properties": {
        "name": "folder-o",
        "id": 248,
        "order": 702,
        "prevSize": 28,
        "code": 61716
      },
      "setIdx": 4,
      "setId": 6,
      "iconIdx": 248
    },
    {
      "icon": {
        "paths": [
          "M1017.714 532c0-16-17.714-20-30.286-20h-621.714c-30.286 0-70.286 18.857-89.714 42.286l-168 207.429c-5.143 6.857-10.286 14.286-10.286 22.857 0 16 17.714 20 30.286 20h621.714c30.286 0 70.286-18.857 89.714-42.857l168-207.429c5.143-6.286 10.286-13.714 10.286-22.286zM365.714 438.857h438.857v-91.429c0-30.286-24.571-54.857-54.857-54.857h-329.143c-30.286 0-54.857-24.571-54.857-54.857v-36.571c0-30.286-24.571-54.857-54.857-54.857h-182.857c-30.286 0-54.857 24.571-54.857 54.857v487.429l146.286-180c33.143-40.571 94.286-69.714 146.286-69.714zM1090.857 532c0 25.143-10.857 49.143-26.286 68.571l-168.571 207.429c-32.571 40-94.857 69.714-146.286 69.714h-621.714c-70.286 0-128-57.714-128-128v-548.571c0-70.286 57.714-128 128-128h182.857c70.286 0 128 57.714 128 128v18.286h310.857c70.286 0 128 57.714 128 128v91.429h109.714c38.857 0 77.714 17.714 94.857 54.286 5.714 12 8.571 25.143 8.571 38.857z"
        ],
        "width": 1090.8525714285713,
        "attrs": [],
        "isMulticolor": false,
        "isMulticolor2": false,
        "tags": [
          "folder-open-o"
        ],
        "defaultCode": 61717,
        "grid": 14
      },
      "attrs": [],
      "properties": {
        "name": "folder-open-o",
        "id": 249,
        "order": 701,
        "prevSize": 28,
        "code": 61717
      },
      "setIdx": 4,
      "setId": 6,
      "iconIdx": 249
    },
    {
      "icon": {
        "paths": [
          "M621.714 0c141.143 0 256 81.714 256 182.857v512c0 98.857-109.143 178.857-246.286 182.286l121.714 115.429c12 11.429 4 31.429-12.571 31.429h-603.429c-16.571 0-24.571-20-12.571-31.429l121.714-115.429c-137.143-3.429-246.286-83.429-246.286-182.286v-512c0-101.143 114.857-182.857 256-182.857h365.714zM438.857 768c60.571 0 109.714-49.143 109.714-109.714s-49.143-109.714-109.714-109.714-109.714 49.143-109.714 109.714 49.143 109.714 109.714 109.714zM768 438.857v-292.571h-658.286v292.571h658.286z"
        ],
        "width": 877.7142857142857,
        "attrs": [],
        "isMulticolor": false,
        "isMulticolor2": false,
        "tags": [
          "train"
        ],
        "defaultCode": 62008,
        "grid": 14
      },
      "attrs": [],
      "properties": {
        "name": "train",
        "id": 517,
        "order": 705,
        "prevSize": 28,
        "code": 62008
      },
      "setIdx": 4,
      "setId": 6,
      "iconIdx": 517
    },
    {
      "icon": {
        "paths": [
          "M621.714 0c141.143 0 256 81.714 256 182.857v512c0 98.857-109.143 178.857-246.286 182.286l121.714 115.429c12 11.429 4 31.429-12.571 31.429h-603.429c-16.571 0-24.571-20-12.571-31.429l121.714-115.429c-137.143-3.429-246.286-83.429-246.286-182.286v-512c0-101.143 114.857-182.857 256-182.857h365.714zM164.571 749.714c50.286 0 91.429-41.143 91.429-91.429s-41.143-91.429-91.429-91.429-91.429 41.143-91.429 91.429 41.143 91.429 91.429 91.429zM402.286 438.857v-292.571h-310.857v292.571h310.857zM713.143 749.714c50.286 0 91.429-41.143 91.429-91.429s-41.143-91.429-91.429-91.429-91.429 41.143-91.429 91.429 41.143 91.429 91.429 91.429zM804.571 438.857v-292.571h-329.143v292.571h329.143z"
        ],
        "width": 877.7142857142857,
        "attrs": [],
        "isMulticolor": false,
        "isMulticolor2": false,
        "tags": [
          "subway"
        ],
        "defaultCode": 62009,
        "grid": 14
      },
      "attrs": [],
      "properties": {
        "name": "subway",
        "id": 518,
        "order": 704,
        "prevSize": 28,
        "code": 62009
      },
      "setIdx": 4,
      "setId": 6,
      "iconIdx": 518
    },
    {
      "icon": {
        "paths": [
          "M1154.286 6.286c9.714 6.857 16 18.286 16 30.286v804.571c0 14.857-9.143 28.571-22.857 33.714l-365.714 146.286c-9.143 4-18.286 4-27.429 0l-352-140.571-352 140.571c-4.571 2.286-9.143 2.857-13.714 2.857-7.429 0-14.286-2.286-20.571-6.286-9.714-6.857-16-18.286-16-30.286v-804.571c0-14.857 9.143-28.571 22.857-33.714l365.714-146.286c9.143-4 18.286-4 27.429 0l352 140.571 352-140.571c11.429-4.571 24-3.429 34.286 3.429zM420.571 83.429v725.714l329.143 131.429v-725.714zM73.143 207.429v725.714l310.857-124v-725.714zM1097.143 816.571v-725.714l-310.857 124v725.714z"
        ],
        "width": 1170.2857142857142,
        "attrs": [],
        "isMulticolor": false,
        "isMulticolor2": false,
        "tags": [
          "map-o"
        ],
        "defaultCode": 62072,
        "grid": 14
      },
      "attrs": [],
      "properties": {
        "name": "map-o",
        "id": 577,
        "order": 706,
        "prevSize": 28,
        "code": 62072
      },
      "setIdx": 4,
      "setId": 6,
      "iconIdx": 577
    },
    {
      "icon": {
        "paths": [
          "M292.571 0c9.714 0 18.286 8.571 18.286 18.286v841.143c0 6.857-4 13.143-9.714 16l-274.286 146.286c-2.857 1.714-5.714 2.286-8.571 2.286-9.714 0-18.286-8.571-18.286-18.286v-841.143c0-6.857 4-13.143 9.714-16l274.286-146.286c2.857-1.714 5.714-2.286 8.571-2.286zM1005.714 0c9.714 0 18.286 8.571 18.286 18.286v841.143c0 6.857-4 13.143-9.714 16l-274.286 146.286c-2.857 1.714-5.714 2.286-8.571 2.286-9.714 0-18.286-8.571-18.286-18.286v-841.143c0-6.857 4-13.143 9.714-16l274.286-146.286c2.857-1.714 5.714-2.286 8.571-2.286zM365.714 0c2.857 0 5.714 0.571 8 1.714l292.571 146.286c6.286 3.429 10.286 9.714 10.286 16.571v841.143c0 9.714-8.571 18.286-18.286 18.286-2.857 0-5.714-0.571-8-1.714l-292.571-146.286c-6.286-3.429-10.286-9.714-10.286-16.571v-841.143c0-9.714 8.571-18.286 18.286-18.286z"
        ],
        "width": 1024,
        "attrs": [],
        "isMulticolor": false,
        "isMulticolor2": false,
        "tags": [
          "map"
        ],
        "defaultCode": 62073,
        "grid": 14
      },
      "attrs": [],
      "properties": {
        "name": "map",
        "id": 578,
        "order": 707,
        "prevSize": 28,
        "code": 62073
      },
      "setIdx": 4,
      "setId": 6,
      "iconIdx": 578
    },
    {
      "icon": {
        "paths": [
          "M0 859.429v-347.429h1316.571v347.429c0 50.286-41.143 91.429-91.429 91.429h-1133.714c-50.286 0-91.429-41.143-91.429-91.429zM365.714 731.429v73.143h219.429v-73.143h-219.429zM146.286 731.429v73.143h146.286v-73.143h-146.286zM1225.143 73.143c50.286 0 91.429 41.143 91.429 91.429v128h-1316.571v-128c0-50.286 41.143-91.429 91.429-91.429h1133.714z"
        ],
        "width": 1316.5714285714284,
        "attrs": [],
        "isMulticolor": false,
        "isMulticolor2": false,
        "tags": [
          "credit-card-alt"
        ],
        "defaultCode": 62083,
        "grid": 14
      },
      "attrs": [],
      "properties": {
        "name": "credit-card-alt",
        "id": 587,
        "order": 729,
        "prevSize": 28,
        "code": 62083
      },
      "setIdx": 4,
      "setId": 6,
      "iconIdx": 587
    },
    {
      "icon": {
        "paths": [
          "M870.286 765.143c-14.857-106.857-58.286-201.714-155.429-214.857-50.286 54.857-122.857 89.714-202.857 89.714s-152.571-34.857-202.857-89.714c-97.143 13.143-140.571 108-155.429 214.857 79.429 112 210.286 185.714 358.286 185.714s278.857-73.714 358.286-185.714zM731.429 365.714c0-121.143-98.286-219.429-219.429-219.429s-219.429 98.286-219.429 219.429 98.286 219.429 219.429 219.429 219.429-98.286 219.429-219.429zM1024 512c0 281.714-228.571 512-512 512-282.857 0-512-229.714-512-512 0-282.857 229.143-512 512-512s512 229.143 512 512z"
        ],
        "width": 1024,
        "attrs": [],
        "isMulticolor": false,
        "isMulticolor2": false,
        "tags": [
          "user-circle"
        ],
        "defaultCode": 62141,
        "grid": 14
      },
      "attrs": [],
      "properties": {
        "name": "user-circle",
        "id": 642,
        "order": 713,
        "prevSize": 28,
        "code": 62141
      },
      "setIdx": 4,
      "setId": 6,
      "iconIdx": 642
    },
    {
      "icon": {
        "paths": [
          "M512 0c282.857 0 512 229.143 512 512 0 281.143-228 512-512 512-283.429 0-512-230.286-512-512 0-282.857 229.143-512 512-512zM865.714 772c53.143-73.143 85.143-162.857 85.143-260 0-241.714-197.143-438.857-438.857-438.857s-438.857 197.143-438.857 438.857c0 97.143 32 186.857 85.143 260 20.571-102.286 70.286-186.857 174.857-186.857 46.286 45.143 109.143 73.143 178.857 73.143s132.571-28 178.857-73.143c104.571 0 154.286 84.571 174.857 186.857zM731.429 402.286c0-121.143-98.286-219.429-219.429-219.429s-219.429 98.286-219.429 219.429 98.286 219.429 219.429 219.429 219.429-98.286 219.429-219.429z"
        ],
        "width": 1024,
        "attrs": [],
        "isMulticolor": false,
        "isMulticolor2": false,
        "tags": [
          "user-circle-o"
        ],
        "defaultCode": 62142,
        "grid": 14
      },
      "attrs": [],
      "properties": {
        "name": "user-circle-o",
        "id": 643,
        "order": 712,
        "prevSize": 28,
        "code": 62142
      },
      "setIdx": 4,
      "setId": 6,
      "iconIdx": 643
    },
    {
      "icon": {
        "paths": [
          "M385.536 542.752c-5.696 8.224-12.64 28.832-20.864 33.888-8.224 5.024-17.504 8.544-27.808 10.496-10.336 1.984-21.024 2.848-32.064 2.528v48.864h78.944v193.472h63.712v-319.872h-50.688c-1.792 12.192-5.536 22.4-11.232 30.624zM736 256h64c17.696 0 32-14.336 32-32v-192c0-17.664-14.304-32-32-32h-64c-17.696 0-32 14.336-32 32v192c0 17.664 14.304 32 32 32zM224 256h64c17.664 0 32-14.336 32-32v-192c0-17.664-14.336-32-32-32h-64c-17.664 0-32 14.336-32 32v192c0 17.664 14.336 32 32 32zM960 128h-64v160c0 17.664-14.304 32-32 32h-192c-17.696 0-32-14.336-32-32v-160h-256v160c0 17.664-14.336 32-32 32h-192c-17.664 0-32-14.336-32-32v-160h-64c-35.328 0-64 28.672-64 64v768c0 35.328 28.672 64 64 64h896c35.328 0 64-28.672 64-64v-768c0-35.328-28.672-64-64-64zM960 928c0 17.696-14.304 32-32 32h-832c-17.664 0-32-14.304-32-32v-512c0-17.664 14.336-32 32-32h832c17.696 0 32 14.336 32 32v512zM511.52 575.424h158.976c-29.952 36.864-54.048 74.4-72.48 118.56-18.4 44.192-20.416 90.176-23.968 137.984h68.192c0.288-21.312-6.24-44.32-1.632-68.992 4.672-24.672 11.264-49.024 19.744-73.12 8.544-24.064 19.136-46.752 31.872-68.064 12.672-21.344 27.296-39.328 43.744-53.952v-55.744h-224.48l-0 63.328z"
        ],
        "attrs": [],
        "isMulticolor": false,
        "isMulticolor2": false,
        "tags": [
          "calendar",
          "date",
          "schedule"
        ],
        "grid": 16
      },
      "attrs": [],
      "properties": {
        "id": 49,
        "order": 735,
        "prevSize": 32,
        "code": 59649,
        "name": "calendar"
      },
      "setIdx": 5,
      "setId": 4,
      "iconIdx": 48
    },
    {
      "icon": {
        "paths": [
          "M512 0c-282.77 0-512 229.23-512 512s229.23 512 512 512 512-229.23 512-512-229.23-512-512-512zM512 960.002c-62.958 0-122.872-13.012-177.23-36.452l233.148-262.29c5.206-5.858 8.082-13.422 8.082-21.26v-96c0-17.674-14.326-32-32-32-112.99 0-232.204-117.462-233.374-118.626-6-6.002-14.14-9.374-22.626-9.374h-128c-17.672 0-32 14.328-32 32v192c0 12.122 6.848 23.202 17.69 28.622l110.31 55.156v187.886c-116.052-80.956-192-215.432-192-367.664 0-68.714 15.49-133.806 43.138-192h116.862c8.488 0 16.626-3.372 22.628-9.372l128-128c6-6.002 9.372-14.14 9.372-22.628v-77.412c40.562-12.074 83.518-18.588 128-18.588 70.406 0 137.004 16.26 196.282 45.2-4.144 3.502-8.176 7.164-12.046 11.036-36.266 36.264-56.236 84.478-56.236 135.764s19.97 99.5 56.236 135.764c36.434 36.432 85.218 56.264 135.634 56.26 3.166 0 6.342-0.080 9.518-0.236 13.814 51.802 38.752 186.656-8.404 372.334-0.444 1.744-0.696 3.488-0.842 5.224-81.324 83.080-194.7 134.656-320.142 134.656z"
        ],
        "attrs": [],
        "isMulticolor": false,
        "isMulticolor2": false,
        "tags": [
          "earth",
          "globe",
          "language",
          "web",
          "internet",
          "sphere",
          "planet"
        ],
        "defaultCode": 59850,
        "grid": 16
      },
      "attrs": [],
      "properties": {
        "ligatures": "earth, globe2",
        "name": "earth",
        "id": 202,
        "order": 719,
        "prevSize": 32,
        "code": 59850
      },
      "setIdx": 8,
      "setId": 1,
      "iconIdx": 202
    },
    {
      "icon": {
        "paths": [
          "M832 864v32.012c0 35.59-28.617 63.988-63.918 63.988h-480.165c-35.408 0-63.918-28.648-63.918-63.988v-32.012h-64.183c-52.919 0-95.817-42.972-95.817-95.982v-288.037c0-52.962 42.899-95.982 95.817-95.982h64.183v-224.012c0-35.59 28.617-63.988 63.918-63.988h480.165c35.408 0 63.918 28.648 63.918 63.988v224.012h64.183c52.919 0 95.817 42.972 95.817 95.982v288.037c0 52.962-42.899 95.982-95.817 95.982h-64.183zM224 832v-192h608v192h63.765c35.476 0 64.235-28.593 64.235-64.088v-287.823c0-35.395-28.747-64.088-64.235-64.088h-735.531c-35.476 0-64.235 28.593-64.235 64.088v287.823c0 35.395 28.747 64.088 64.235 64.088h63.765zM287.999 128c-17.672 0-31.999 14.497-31.999 31.905v224.095h544v-224.095c0-17.621-14.551-31.905-31.999-31.905h-480.003zM256 672v224.095c0 17.621 14.551 31.905 31.999 31.905h480.003c17.672 0 31.999-14.497 31.999-31.905v-224.095h-544zM800 544c17.673 0 32-14.327 32-32s-14.327-32-32-32c-17.673 0-32 14.327-32 32s14.327 32 32 32v0zM288 736v32h480v-32h-480zM288 832v32h480v-32h-480z"
        ],
        "attrs": [],
        "isMulticolor": false,
        "isMulticolor2": false,
        "tags": [
          "printer-text"
        ],
        "grid": 32
      },
      "attrs": [],
      "properties": {
        "id": 245,
        "order": 716,
        "prevSize": 32,
        "code": 59650,
        "name": "printer-text"
      },
      "setIdx": 6,
      "setId": 3,
      "iconIdx": 244
    },
    {
      "icon": {
        "paths": [
          "M224 352v-192.083c0-35.249 28.617-63.917 63.918-63.917h480.165c35.408 0 63.918 28.616 63.918 63.917v192.083h-608zM192 864h-32.183c-52.919 0-95.817-42.972-95.817-95.982v-288.037c0-52.962 42.899-95.982 95.817-95.982h736.366c52.919 0 95.817 42.972 95.817 95.982v288.037c0 52.962-42.899 95.982-95.817 95.982h-32.183v-256h-672v256zM224 640h608v256.012c0 35.59-28.617 63.988-63.918 63.988h-480.165c-35.408 0-63.918-28.648-63.918-63.988v-256.012zM800 544c17.673 0 32-14.327 32-32s-14.327-32-32-32c-17.673 0-32 14.327-32 32s14.327 32 32 32v0zM288 736v32h480v-32h-480zM288 832v32h480v-32h-480z"
        ],
        "attrs": [],
        "isMulticolor": false,
        "isMulticolor2": false,
        "tags": [
          "printer-text"
        ],
        "grid": 32
      },
      "attrs": [],
      "properties": {
        "id": 246,
        "order": 717,
        "prevSize": 32,
        "code": 59651,
        "name": "printer-text2"
      },
      "setIdx": 6,
      "setId": 3,
      "iconIdx": 245
    },
    {
      "icon": {
        "paths": [
          "M864 992h-704c-35.328 0-64-28.672-64-64v-704c0-35.36 28.672-64 64-64h64v32c0 53.024 42.976 96 96 96 52.992 0 96-42.976 96-96v-32h192v32c0 53.024 43.008 96 96 96s96-42.976 96-96v-32h64c35.328 0 64 28.64 64 64v704c0 35.328-28.672 64-64 64zM864 384h-704v544h704v-544zM320 544h-96v-96h96v96zM320 704h-96v-96h96v96zM320 864h-96v-96h96v96zM480 544h-96v-96h96v96zM480 704h-96v-96h96v96zM480 864h-96v-96h96v96zM640 544h-96v-96h96v96zM640 704h-96v-96h96v96zM640 864h-96v-96h96v96zM800 544h-96v-96h96v96zM800 704h-96v-96h96v96zM800 864h-96v-96h96v96zM703.008 256c-34.816 0-63.008-28.224-63.008-63.008v-65.984c0-34.816 28.192-63.008 63.008-63.008s63.008 28.192 63.008 63.008v65.984c-0 34.784-28.192 63.008-63.008 63.008zM319.008 256c-34.816 0-63.008-28.224-63.008-63.008v-65.984c0-34.816 28.192-63.008 63.008-63.008s63.008 28.192 63.008 63.008v65.984c0 34.784-28.224 63.008-63.008 63.008z"
        ],
        "attrs": [],
        "isMulticolor": false,
        "isMulticolor2": false,
        "tags": [
          "calendar",
          "date",
          "schedule"
        ],
        "grid": 32
      },
      "attrs": [],
      "properties": {
        "id": 29,
        "order": 737,
        "prevSize": 32,
        "code": 59740,
        "name": "calendar3"
      },
      "setIdx": 7,
      "setId": 2,
      "iconIdx": 28
    },
    {
      "icon": {
        "paths": [
          "M896 960h-768c-35.328 0-64-28.672-64-64v-672c0-35.328 28.672-64 64-64h64v32c0 53.024 42.976 96 96 96s96-42.976 96-96v-32h256v32c0 53.024 43.008 96 96 96s96-42.976 96-96v-32h64c35.328 0 64 28.672 64 64v672c0 35.328-28.672 64-64 64zM896 384h-768v512h768v-512zM418.208 634.528c6.304-10.048 9.472-20.672 9.472-31.776 0-24.736-13.312-37.12-39.936-37.12-23.136 0-45.248 9.184-66.368 27.552v-52.128c23.36-15.136 49.76-22.688 79.136-22.688 27.488 0 48.96 6.912 64.416 20.704s23.168 32.48 23.168 55.968c0 31.36-18.816 63.808-56.448 97.312l-55.328 49.12v1.12h109.12v49.12l-176.992-0v-46.112l77.056-73.696c15.488-14.848 26.4-27.296 32.704-37.376zM634.784 741.312c8.448-6.496 12.672-15.552 12.672-27.2 0-12-5.216-21.248-15.648-27.744s-24.768-9.76-43.040-9.76h-24.192v-45.376h22.304c35.008 0 52.512-11.616 52.512-34.88 0-21.888-13.44-32.8-40.32-32.8-17.984 0-35.488 5.824-52.512 17.44v-48.384c18.88-9.504 40.864-14.24 65.984-14.24 27.488 0 48.896 6.176 64.224 18.56s22.976 28.448 22.976 48.192c0 35.136-17.824 57.12-53.44 65.984v0.928c19.008 2.368 33.984 9.28 44.992 20.704s16.512 25.472 16.512 42.080c0 25.12-9.184 44.992-27.552 59.616s-43.744 21.952-76.128 21.952c-27.744 0-50.304-4.512-67.68-13.504v-51.552c17.984 13.12 39.008 19.68 63.008 19.68 15.104 0.064 26.88-3.2 35.328-9.696zM735.008 256c-34.816 0-63.008-28.192-63.008-63.008v-65.984c0-34.816 28.192-63.008 63.008-63.008s63.008 28.192 63.008 63.008v65.984c-0 34.816-28.192 63.008-63.008 63.008zM287.008 256c-34.816 0-63.008-28.192-63.008-63.008v-65.984c0-34.816 28.192-63.008 63.008-63.008s63.008 28.192 63.008 63.008v65.984c0 34.816-28.224 63.008-63.008 63.008z"
        ],
        "attrs": [],
        "isMulticolor": false,
        "isMulticolor2": false,
        "tags": [
          "calendar",
          "date",
          "schedule"
        ],
        "grid": 32
      },
      "attrs": [],
      "properties": {
        "id": 30,
        "order": 736,
        "prevSize": 32,
        "code": 59823,
        "name": "calendar4"
      },
      "setIdx": 7,
      "setId": 2,
      "iconIdx": 29
    },
    {
      "icon": {
        "paths": [
          "M864 928h-128v-672h128c35.328 0 64 28.672 64 64v544c0 35.328-28.672 64-64 64zM320 256v0-64c0-35.36 28.672-64 64-64h224c35.328 0 64 28.64 64 64v64 672h-352v-672zM384 256h224c0 0 0-14.336 0-32 0-17.696-14.336-32-32-32h-160c-17.696 0-32 14.304-32 32 0 17.664 0 32 0 32zM64 864v-544c0-35.328 28.672-64 64-64h128v672h-128c-35.328 0-64-28.672-64-64z"
        ],
        "attrs": [],
        "isMulticolor": false,
        "isMulticolor2": false,
        "tags": [
          "suitcase",
          "briefcase"
        ],
        "grid": 32
      },
      "attrs": [],
      "properties": {
        "id": 78,
        "order": 728,
        "prevSize": 32,
        "code": 59656,
        "name": "suitcase"
      },
      "setIdx": 7,
      "setId": 2,
      "iconIdx": 77
    },
    {
      "icon": {
        "paths": [
          "M626.272 347.424l-100.608 151.424-73.12-73.696-73.152 118.304-54.848-54.304-59.392 118.848h466.304l-105.184-260.576zM128 160v736h736v-736h-736zM800 672h-608v-448h608v448zM335.712 418.272c26.528 0 48-21.472 48-48s-21.472-48-48-48c-26.496 0-48 21.472-48 48s21.504 48 48 48z"
        ],
        "attrs": [],
        "isMulticolor": false,
        "isMulticolor2": false,
        "tags": [
          "picture",
          "images",
          "photos",
          "polaroid"
        ],
        "grid": 32
      },
      "attrs": [],
      "properties": {
        "id": 81,
        "order": 718,
        "prevSize": 32,
        "code": 59657,
        "name": "picture"
      },
      "setIdx": 7,
      "setId": 2,
      "iconIdx": 80
    },
    {
      "icon": {
        "paths": [
          "M927.936 272.992l-68.288-68.288c-12.608-12.576-32.96-12.576-45.536 0l-409.44 409.44-194.752-196.16c-12.576-12.576-32.928-12.576-45.536 0l-68.288 68.288c-12.576 12.608-12.576 32.96 0 45.536l285.568 287.488c12.576 12.576 32.96 12.576 45.536 0l500.736-500.768c12.576-12.544 12.576-32.96 0-45.536z"
        ],
        "attrs": [],
        "isMulticolor": false,
        "isMulticolor2": false,
        "tags": [
          "checkmark",
          "tick",
          "approve",
          "submit"
        ],
        "grid": 32
      },
      "attrs": [],
      "properties": {
        "id": 96,
        "order": 726,
        "prevSize": 32,
        "code": 59658,
        "name": "checkmark"
      },
      "setIdx": 7,
      "setId": 2,
      "iconIdx": 95
    },
    {
      "icon": {
        "paths": [
          "M626.784 512.032l195.072 195.072c12.672 12.672 12.672 33.248 0 45.92l-68.832 68.832c-12.672 12.672-33.216 12.672-45.92 0l-195.104-195.072-195.104 195.072c-12.672 12.672-33.216 12.672-45.888 0l-68.864-68.832c-12.672-12.672-12.672-33.216 0-45.92l195.104-195.072-195.104-195.104c-12.672-12.672-12.672-33.248 0-45.92l68.896-68.832c12.672-12.672 33.216-12.672 45.888 0l195.072 195.104 195.104-195.104c12.672-12.672 33.216-12.672 45.92 0l68.832 68.864c12.672 12.672 12.672 33.216 0 45.92l-195.072 195.072z"
        ],
        "attrs": [],
        "isMulticolor": false,
        "isMulticolor2": false,
        "tags": [
          "cancel",
          "close",
          "remove",
          "dismiss"
        ],
        "grid": 32
      },
      "attrs": [],
      "properties": {
        "id": 97,
        "order": 727,
        "prevSize": 32,
        "code": 59660,
        "name": "cancel"
      },
      "setIdx": 7,
      "setId": 2,
      "iconIdx": 96
    },
    {
      "icon": {
        "paths": [
          "M496.672 125.12c26.496 0 48 21.504 48 48v248l320 200v86.016l-320-108v168l65.248 64.928-0.032 66.688-113.216-37.632-111.584 37.76 0.48-70.048 61.12-59.68 0.544-169.984-319.904 109.952 0.672-88 320.224-202.016 0.512-246.016c-0.064-26.464 21.44-47.968 47.936-47.968z"
        ],
        "attrs": [],
        "isMulticolor": false,
        "isMulticolor2": false,
        "tags": [
          "plane",
          "fly",
          "flight",
          "airplane",
          "travel"
        ],
        "grid": 32
      },
      "attrs": [],
      "properties": {
        "id": 298,
        "order": 725,
        "prevSize": 32,
        "code": 60034,
        "name": "plane2"
      },
      "setIdx": 7,
      "setId": 2,
      "iconIdx": 297
    },
    {
      "icon": {
        "paths": [
          "M496 993.984c-220.928 0-400-179.104-400-400 0-170.080 106.336-315.008 256-372.832v142.368c-76.768 48.096-128 133.184-128 230.464 0 150.208 121.792 272 272 272s272-121.792 272-272c0-83.072-37.312-157.28-96-207.2v-151.552c132.576 65.152 224 201.088 224 358.784 0 220.896-179.104 399.968-400 399.968zM512 545.984c-35.328 0-64-28.672-64-64v-355.968c0-35.328 28.672-64 64-64s64 28.672 64 64v356c0 35.328-28.672 63.968-64 63.968z"
        ],
        "attrs": [],
        "isMulticolor": false,
        "isMulticolor2": false,
        "tags": [
          "switch",
          "power"
        ],
        "grid": 32
      },
      "attrs": [],
      "properties": {
        "id": 349,
        "order": 724,
        "prevSize": 32,
        "code": 59671,
        "name": "switch"
      },
      "setIdx": 7,
      "setId": 2,
      "iconIdx": 348
    },
    {
      "icon": {
        "paths": [
          "M391.75 595.353c-20.797 0-36.5-7.603-47.1-22.806-10.7-15.097-16-35.297-16-60.497 0-55.5 20.997-83.303 63.1-83.303 8.4 0 17.5 2.803 27.3 8.403s18.097 15.4 24.8 29.4l63.1-32.8c-25.2-45.4-67-68.1-125.303-68.1-39.85 0-72.797 13.2-98.794 39.5-26.103 26.4-39.206 61.997-39.206 106.9 0 46 12.956 81.9 38.703 107.7 25.8 25.8 59.803 38.6 101.8 38.6 26.4 0 50.5-6.6 72.353-19.697 21.847-13.206 38.947-31.303 51.347-54.303l-58.1-29.4c-11.2 26.9-30.553 40.403-58 40.403zM663.447 595.353c-20.797 0-36.494-7.603-47.1-22.806-10.7-15.097-16-35.297-16-60.497 0-55.5 21.003-83.303 63.1-83.303 8.903 0 18.303 2.803 28.103 8.403 9.853 5.6 18.1 15.4 24.9 29.4l62.197-32.8c-24.7-45.4-66.197-68.1-124.497-68.1-39.8 0-72.75 13.2-98.8 39.5-26.097 26.4-39.103 61.997-39.103 106.9 0 46 12.703 81.9 38.253 107.7 25.5 25.8 59.55 38.6 102.2 38.6 25.747 0 49.647-6.6 71.45-19.697 21.903-13.206 39.3-31.303 52.203-54.303l-58.903-29.4c-11.2 26.9-30.6 40.403-58.003 40.403zM860.816 163.013c-95.159-95.038-211.659-142.525-349.463-142.525-136.134 0-251.391 47.487-345.709 142.525-96.778 98.306-145.163 214.613-145.163 348.978 0 134.353 48.384 249.85 145.163 346.506 96.778 96.687 212.034 145.016 345.709 145.016 135.344 0 252.656-48.747 351.922-146.216 93.478-92.578 140.244-207.684 140.244-345.306 0-137.634-47.575-253.972-142.703-348.978zM799.284 793.397c-81.206 80.281-176.769 120.419-286.7 120.419-109.916 0-204.622-39.75-284.181-119.219-79.556-79.434-119.337-173.662-119.337-282.606 0-108.956 40.169-203.994 120.566-285.081 77.1-78.656 171.416-117.988 282.953-117.988 111.581 0 206.306 39.331 284.244 117.988 78.747 77.819 118.103 172.825 118.103 285.081 0 113.053-38.547 206.859-115.647 281.406z"
        ],
        "attrs": [],
        "isMulticolor": false,
        "isMulticolor2": false,
        "tags": [
          "creative-commons"
        ],
        "grid": 20
      },
      "attrs": [],
      "properties": {
        "id": 12,
        "order": 720,
        "prevSize": 20,
        "code": 59659,
        "name": "creative-commons"
      },
      "setIdx": 9,
      "setId": 0,
      "iconIdx": 11
    },
    {
      "icon": {
        "paths": [
          "M998.963 920.576l-456.038-851.558c-6.349-11.008-18.125-17.818-30.925-17.818-12.851 0-24.627 6.81-30.925 17.818l-455.987 851.558c-6.195 10.803-6.093 24.115 0.256 34.816 6.4 10.803 18.022 17.408 30.618 17.408h912.077c12.544 0 24.269-6.605 30.618-17.408 6.349-10.701 6.451-24.013 0.307-34.816zM563.2 870.4h-102.4v-102.4h102.4v102.4zM563.2 691.2h-102.4v-332.8h102.4v332.8z"
        ],
        "attrs": [],
        "isMulticolor": false,
        "isMulticolor2": false,
        "tags": [
          "warning"
        ],
        "grid": 20
      },
      "attrs": [],
      "properties": {
        "id": 15,
        "order": 721,
        "prevSize": 20,
        "code": 59662,
        "name": "warning"
      },
      "setIdx": 9,
      "setId": 0,
      "iconIdx": 14
    },
    {
      "icon": {
        "paths": [
          "M776.858 102.4h-572.058c-56.371 0-102.4 46.080-102.4 102.4v614.4c0 56.32 46.029 102.4 102.4 102.4h614.4c56.371 0 102.4-46.080 102.4-102.4v-556.698l-144.742-160.102zM716.8 409.6c0 28.109-23.040 51.2-51.2 51.2h-307.2c-28.16 0-51.2-23.091-51.2-51.2v-256h409.6v256zM665.6 204.8h-102.4v204.8h102.4v-204.8z"
        ],
        "attrs": [],
        "isMulticolor": false,
        "isMulticolor2": false,
        "tags": [
          "save"
        ],
        "grid": 20
      },
      "attrs": [],
      "properties": {
        "id": 76,
        "order": 723,
        "prevSize": 20,
        "code": 59723,
        "name": "save"
      },
      "setIdx": 9,
      "setId": 0,
      "iconIdx": 75
    },
    {
      "icon": {
        "paths": [
          "M752.128 136.243c-96.973-70.605-165.99-69.069-192.205-64.819-7.373 1.178-13.568 5.427-17.92 11.418l-352.41 486.246c-14.182 19.558-22.374 42.803-23.654 66.918l-15.155 287.949c-1.075 20.736 19.558 35.738 38.912 28.314l269.107-102.912c22.682-8.704 42.394-23.808 56.627-43.469l352.256-486.093c4.557-6.298 6.4-13.978 5.12-21.658-4.301-26.931-24.934-92.262-120.678-161.894zM459.622 791.808l-104.602 40.397c-4.096 1.587-8.653 0.307-11.315-3.174-13.466-17.152-29.491-34.15-55.040-52.736-25.549-18.534-46.643-28.57-67.072-36.147-4.096-1.536-6.707-5.427-6.451-9.83l6.246-111.923 28.109-38.656c0 0 62.925-8.653 145.050 51.098 82.022 59.699 93.235 122.266 93.235 122.266l-28.16 38.707z"
        ],
        "attrs": [],
        "isMulticolor": false,
        "isMulticolor2": false,
        "tags": [
          "pencil"
        ],
        "grid": 20
      },
      "attrs": [],
      "properties": {
        "id": 244,
        "order": 722,
        "prevSize": 20,
        "code": 59891,
        "name": "pencil"
      },
      "setIdx": 9,
      "setId": 0,
      "iconIdx": 243
    }
  ],
  "height": 1024,
  "metadata": {
    "name": "AAC"
  },
  "preferences": {
    "showGlyphs": true,
    "showQuickUse": true,
    "showQuickUse2": true,
    "showSVGs": true,
    "fontPref": {
      "prefix": "icono-",
      "metadata": {
        "fontFamily": "AAC",
        "majorVersion": 1,
        "minorVersion": 0
      },
      "metrics": {
        "emSize": 1024,
        "baseline": 6.25,
        "whitespace": 50
      },
      "embed": false
    },
    "imagePref": {
      "prefix": "icon-",
      "png": true,
      "useClassSelector": true,
      "color": 0,
      "bgColor": 16777215,
      "classSelector": ".icon",
      "autoHost": true
    },
    "historySize": 100,
    "showCodes": true,
    "gridSize": 16,
    "quickUsageToken": {
      "UntitledProject": "YjIwY2IzNTQ4ZDBlMDIzZjQxMzYyZTQ1ZWRhYWEyMjgjMSMxNDgxMzQ4NTE1IyMj"
    }
  }
}