{
  "IcoMoonType": "selection",
  "icons": [
    {
      "icon": {
        "paths": [
          "M512 854c166 0 298-134 298-300s-132-298-298-298-298 132-298 298 132 300 298 300zM512 170c212 0 384 172 384 384s-172 384-384 384-384-172-384-384 172-384 384-384zM534 342v224l170 100-32 52-202-120v-256h64zM336 144l-196 164-54-64 196-164zM938 244l-54 66-196-166 54-64z"
        ],
        "attrs": [],
        "isMulticolor": false,
        "isMulticolor2": false,
        "tags": [
          "alarm"
        ],
        "defaultCode": 59477,
        "grid": 24
      },
      "attrs": [],
      "properties": {
        "ligatures": "access_alarm, alarm",
        "id": 2,
        "order": 611,
        "prevSize": 24,
        "code": 59477,
        "name": "alarm"
      },
      "setIdx": 1,
      "setId": 10,
      "iconIdx": 2
    },
    {
      "icon": {
        "paths": [
          "M512 854c166 0 298-134 298-300s-132-298-298-298-298 132-298 298 132 300 298 300zM512 170c214 0 384 170 384 384s-170 384-384 384-384-170-384-384 170-384 384-384zM534 342v226l170 102-34 52-200-124v-256h64zM338 146l-198 162-54-64 196-162zM938 244l-54 64-198-168 56-64z"
        ],
        "attrs": [],
        "isMulticolor": false,
        "isMulticolor2": false,
        "tags": [
          "access_alarms"
        ],
        "defaultCode": 57745,
        "grid": 24
      },
      "attrs": [],
      "properties": {
        "ligatures": "access_alarms",
        "id": 3,
        "order": 610,
        "prevSize": 24,
        "code": 57745,
        "name": "access_alarms"
      },
      "setIdx": 1,
      "setId": 10,
      "iconIdx": 3
    },
    {
      "icon": {
        "paths": [
          "M810 298c94 0 172 78 172 172v256h-940v-428h86v300h342v-300h340zM298 554c-70 0-128-58-128-128s58-128 128-128 128 58 128 128-58 128-128 128z"
        ],
        "attrs": [],
        "isMulticolor": false,
        "isMulticolor2": false,
        "tags": [
          "airline_seat_individual_suite"
        ],
        "defaultCode": 58930,
        "grid": 24
      },
      "attrs": [],
      "properties": {
        "ligatures": "airline_seat_individual_suite",
        "id": 26,
        "order": 609,
        "prevSize": 24,
        "code": 58930,
        "name": "airline_seat_individual_suite"
      },
      "setIdx": 1,
      "setId": 10,
      "iconIdx": 26
    },
    {
      "icon": {
        "paths": [
          "M896 682l-342-106v234l86 64v64l-150-42-148 42v-64l84-64v-234l-340 106v-84l340-214v-234c0-36 28-64 64-64s64 28 64 64v234l342 214v84z"
        ],
        "attrs": [],
        "isMulticolor": false,
        "isMulticolor2": false,
        "tags": [
          "flight"
        ],
        "defaultCode": 58681,
        "grid": 24
      },
      "attrs": [],
      "properties": {
        "ligatures": "airplanemode_active, flight",
        "id": 32,
        "order": 612,
        "prevSize": 24,
        "code": 58681,
        "name": "flight"
      },
      "setIdx": 1,
      "setId": 10,
      "iconIdx": 32
    },
    {
      "icon": {
        "paths": [
          "M426 682l384-384-60-60-324 324-152-152-60 60zM810 42c46 0 86 40 86 86v552c0 30-16 54-38 70l-346 232-346-232c-22-16-38-40-38-70v-552c0-46 40-86 86-86h596z"
        ],
        "attrs": [],
        "isMulticolor": false,
        "isMulticolor2": false,
        "tags": [
          "beenhere"
        ],
        "defaultCode": 58669,
        "grid": 24
      },
      "attrs": [],
      "properties": {
        "ligatures": "beenhere",
        "id": 76,
        "order": 651,
        "prevSize": 24,
        "code": 58669,
        "name": "beenhere"
      },
      "setIdx": 1,
      "setId": 10,
      "iconIdx": 76
    },
    {
      "icon": {
        "paths": [
          "M282 460c62 120 162 220 282 282l94-94c12-12 30-16 44-10 48 16 100 24 152 24 24 0 42 18 42 42v150c0 24-18 42-42 42-400 0-726-326-726-726 0-24 18-42 42-42h150c24 0 42 18 42 42 0 54 8 104 24 152 4 14 2 32-10 44z"
        ],
        "attrs": [],
        "isMulticolor": false,
        "isMulticolor2": false,
        "tags": [
          "phone"
        ],
        "defaultCode": 57549,
        "grid": 24
      },
      "attrs": [],
      "properties": {
        "ligatures": "call, local_phone, phone",
        "id": 120,
        "order": 652,
        "prevSize": 24,
        "code": 57549,
        "name": "phone"
      },
      "setIdx": 1,
      "setId": 10,
      "iconIdx": 120
    },
    {
      "icon": {
        "paths": [
          "M426 726l384-384-60-62-324 324-152-152-60 60zM512 86c236 0 426 190 426 426s-190 426-426 426-426-190-426-426 190-426 426-426z"
        ],
        "attrs": [],
        "isMulticolor": false,
        "isMulticolor2": false,
        "tags": [
          "check_circle"
        ],
        "defaultCode": 59500,
        "grid": 24
      },
      "attrs": [],
      "properties": {
        "ligatures": "check_circle",
        "id": 151,
        "order": 613,
        "prevSize": 24,
        "code": 59500,
        "name": "check_circle"
      },
      "setIdx": 1,
      "setId": 10,
      "iconIdx": 151
    },
    {
      "icon": {
        "paths": [
          "M854 342v-86l-342 214-342-214v86l342 212zM854 170c46 0 84 40 84 86v512c0 46-38 86-84 86h-684c-46 0-84-40-84-86v-512c0-46 38-86 84-86h684z"
        ],
        "attrs": [],
        "isMulticolor": false,
        "isMulticolor2": false,
        "tags": [
          "markunread"
        ],
        "defaultCode": 57689,
        "grid": 24
      },
      "attrs": [],
      "properties": {
        "ligatures": "email, local_post_office, mail, markunread",
        "id": 242,
        "order": 642,
        "prevSize": 24,
        "code": 57689,
        "name": "markunread"
      },
      "setIdx": 1,
      "setId": 10,
      "iconIdx": 242
    },
    {
      "icon": {
        "paths": [
          "M598 616c-136.472-37.528-274.090-73.91-412-110l-68-20v-220l62 16 40 100 212 56v-352l82 22 118 384 226 60c34 10 54 46 46 80-10 34-44 52-78 44zM106 810h812v86h-812v-86z"
        ],
        "attrs": [],
        "isMulticolor": false,
        "isMulticolor2": false,
        "tags": [
          "flight_land"
        ],
        "defaultCode": 59652,
        "grid": 24
      },
      "attrs": [],
      "properties": {
        "ligatures": "flight_land",
        "id": 310,
        "order": 643,
        "prevSize": 24,
        "code": 59652,
        "name": "flight_land"
      },
      "setIdx": 1,
      "setId": 10,
      "iconIdx": 310
    },
    {
      "icon": {
        "paths": [
          "M942 412c8 34-12 68-46 78-137.558 36.442-275.002 72.998-412 110l-226 60-68 20c-37.52-63.813-74.693-127.974-112-192l62-16 84 64 212-56-176-306 82-22 294 274 228-60c34-10 70 12 78 46zM106 810h812v86h-812v-86z"
        ],
        "attrs": [],
        "isMulticolor": false,
        "isMulticolor2": false,
        "tags": [
          "flight_takeoff"
        ],
        "defaultCode": 59653,
        "grid": 24
      },
      "attrs": [],
      "properties": {
        "ligatures": "flight_takeoff",
        "id": 311,
        "order": 644,
        "prevSize": 24,
        "code": 59653,
        "name": "flight_takeoff"
      },
      "setIdx": 1,
      "setId": 10,
      "iconIdx": 311
    },
    {
      "icon": {
        "paths": [
          "M810 298c94 0 172 78 172 172v384h-86v-128h-768v128h-86v-640h86v384h342v-300h340zM298 554c-70 0-128-58-128-128s58-128 128-128 128 58 128 128-58 128-128 128z"
        ],
        "attrs": [],
        "isMulticolor": false,
        "isMulticolor2": false,
        "tags": [
          "local_hotel"
        ],
        "defaultCode": 58697,
        "grid": 24
      },
      "attrs": [],
      "properties": {
        "ligatures": "hotel, local_hotel",
        "id": 388,
        "order": 645,
        "prevSize": 24,
        "code": 58697,
        "name": "local_hotel"
      },
      "setIdx": 1,
      "setId": 10,
      "iconIdx": 388
    },
    {
      "icon": {
        "paths": [
          "M512 810c24 0 42-18 42-42s-18-42-42-42-42 18-42 42 18 42 42 42zM170 214v468h684v-468h-684zM854 768h170c0 46-40 86-86 86h-852c-46 0-86-40-86-86h170c-46 0-84-40-84-86v-468c0-46 38-86 84-86h684c46 0 84 40 84 86v468c0 46-38 86-84 86z"
        ],
        "attrs": [],
        "isMulticolor": false,
        "isMulticolor2": false,
        "tags": [
          "laptop_mac"
        ],
        "defaultCode": 58144,
        "grid": 24
      },
      "attrs": [],
      "properties": {
        "ligatures": "laptop_mac",
        "id": 426,
        "order": 640,
        "prevSize": 24,
        "code": 58144,
        "name": "laptop_mac"
      },
      "setIdx": 1,
      "setId": 10,
      "iconIdx": 426
    },
    {
      "icon": {
        "paths": [
          "M896 682l-342-106v234l86 64v64l-150-42-148 42v-64l84-64v-234l-340 106v-84l340-214v-234c0-36 28-64 64-64s64 28 64 64v234l342 214v84z"
        ],
        "attrs": [],
        "isMulticolor": false,
        "isMulticolor2": false,
        "tags": [
          "local_airport"
        ],
        "defaultCode": 58685,
        "grid": 24
      },
      "attrs": [],
      "properties": {
        "ligatures": "local_airport",
        "id": 446,
        "order": 649,
        "prevSize": 24,
        "code": 58685,
        "name": "local_airport"
      },
      "setIdx": 1,
      "setId": 10,
      "iconIdx": 446
    },
    {
      "icon": {
        "paths": [
          "M768 598v-172h-170v-170h-172v170h-170v172h170v170h172v-170h170zM810 128c46 0 86 40 86 86v596c0 46-40 86-86 86h-596c-46 0-86-40-86-86v-596c0-46 40-86 86-86h596z"
        ],
        "attrs": [],
        "isMulticolor": false,
        "isMulticolor2": false,
        "tags": [
          "local_hospital"
        ],
        "defaultCode": 58696,
        "grid": 24
      },
      "attrs": [],
      "properties": {
        "ligatures": "local_hospital",
        "id": 457,
        "order": 646,
        "prevSize": 24,
        "code": 58696,
        "name": "local_hospital"
      },
      "setIdx": 1,
      "setId": 10,
      "iconIdx": 457
    },
    {
      "icon": {
        "paths": [
          "M234 298c36 0 64-28 64-64s-28-64-64-64-64 28-64 64 28 64 64 64zM914 494c16 16 24 36 24 60s-8 44-24 60l-300 300c-16 16-36 24-60 24s-44-8-60-24l-384-384c-16-16-24-36-24-60v-300c0-46 38-84 84-84h300c24 0 44 8 60 24z"
        ],
        "attrs": [],
        "isMulticolor": false,
        "isMulticolor2": false,
        "tags": [
          "local_offer"
        ],
        "defaultCode": 58702,
        "grid": 24
      },
      "attrs": [],
      "properties": {
        "ligatures": "local_offer",
        "id": 462,
        "order": 641,
        "prevSize": 24,
        "code": 58702,
        "name": "local_offer"
      },
      "setIdx": 1,
      "setId": 10,
      "iconIdx": 462
    },
    {
      "icon": {
        "paths": [
          "M214 470h596l-64-192h-468zM746 682c36 0 64-28 64-64s-28-64-64-64-64 28-64 64 28 64 64 64zM278 682c36 0 64-28 64-64s-28-64-64-64-64 28-64 64 28 64 64 64zM808 256l88 256v342c0 24-18 42-42 42h-44c-24 0-42-18-42-42v-44h-512v44c0 24-18 42-42 42h-44c-24 0-42-18-42-42v-342l88-256c8-26 34-42 62-42h106v-86h256v86h106c28 0 54 16 62 42z"
        ],
        "attrs": [],
        "isMulticolor": false,
        "isMulticolor2": false,
        "tags": [
          "local_taxi"
        ],
        "defaultCode": 58713,
        "grid": 24
      },
      "attrs": [],
      "properties": {
        "ligatures": "local_taxi",
        "id": 468,
        "order": 647,
        "prevSize": 24,
        "code": 58713,
        "name": "local_taxi"
      },
      "setIdx": 1,
      "setId": 10,
      "iconIdx": 468
    },
    {
      "icon": {
        "paths": [
          "M810 640v-86h-84v86h84zM810 810v-84h-84v84h84zM554 298v-84h-84v84h84zM554 470v-86h-84v86h84zM554 640v-86h-84v86h84zM554 810v-84h-84v84h84zM298 470v-86h-84v86h84zM298 640v-86h-84v86h84zM298 810v-84h-84v84h84zM640 470h256v426h-768v-598h256v-84l128-128 128 128v256z"
        ],
        "attrs": [],
        "isMulticolor": false,
        "isMulticolor2": false,
        "tags": [
          "location_city"
        ],
        "defaultCode": 59377,
        "grid": 24
      },
      "attrs": [],
      "properties": {
        "ligatures": "location_city",
        "id": 469,
        "order": 648,
        "prevSize": 24,
        "code": 59377,
        "name": "location_city"
      },
      "setIdx": 1,
      "setId": 10,
      "iconIdx": 469
    },
    {
      "icon": {
        "paths": [
          "M590 332c166 34 294 176 306 350h-768c12-174 140-316 306-350-4-10-8-22-8-34 0-46 40-84 86-84s86 38 86 84c0 12-4 24-8 34zM86 726h852v84h-852v-84z"
        ],
        "attrs": [],
        "isMulticolor": false,
        "isMulticolor2": false,
        "tags": [
          "room_service"
        ],
        "defaultCode": 60233,
        "grid": 24
      },
      "attrs": [],
      "properties": {
        "ligatures": "room_service",
        "id": 636,
        "order": 650,
        "prevSize": 24,
        "code": 60233,
        "name": "room_service"
      },
      "setIdx": 1,
      "setId": 10,
      "iconIdx": 636
    },
    {
      "icon": {
        "paths": [
          "M438.857 365.714c0-80.571-65.714-146.286-146.286-146.286s-146.286 65.714-146.286 146.286 65.714 146.286 146.286 146.286 146.286-65.714 146.286-146.286zM585.143 365.714c0 34.857-4 70.857-18.857 102.286l-208 442.286c-12 25.143-38.286 40.571-65.714 40.571s-53.714-15.429-65.143-40.571l-208.571-442.286c-14.857-31.429-18.857-67.429-18.857-102.286 0-161.714 130.857-292.571 292.571-292.571s292.571 130.857 292.571 292.571z"
        ],
        "width": 585.1428571428571,
        "attrs": [],
        "isMulticolor": false,
        "isMulticolor2": false,
        "tags": [
          "map-marker"
        ],
        "defaultCode": 61505,
        "grid": 14
      },
      "attrs": [],
      "properties": {
        "name": "map-marker",
        "id": 65,
        "order": 656,
        "prevSize": 28,
        "code": 61505
      },
      "setIdx": 4,
      "setId": 6,
      "iconIdx": 65
    },
    {
      "icon": {
        "paths": [
          "M786.286 91.429c36.571 36.571 0 128-54.857 182.857l-92 92 91.429 397.714c1.714 6.857-1.143 14.286-6.857 18.857l-73.143 54.857c-2.857 2.286-6.857 3.429-10.857 3.429-1.143 0-2.286 0-4-0.571-5.143-1.143-9.714-4-12-9.143l-159.429-290.286-148 148 30.286 110.857c1.714 6.286 0 12.571-4.571 17.714l-54.857 54.857c-3.429 3.429-8.571 5.143-13.143 5.143h-1.143c-5.714-0.571-10.286-2.857-13.714-7.429l-108-144-144-108c-4.571-2.857-6.857-8-7.429-13.143s1.714-10.286 5.143-14.286l54.857-55.429c3.429-3.429 8.571-5.143 13.143-5.143 1.714 0 3.429 0 4.571 0.571l110.857 30.286 148-148-290.286-159.429c-5.143-2.857-8.571-8-9.714-13.714-0.571-5.143 1.143-11.429 5.143-15.429l73.143-73.143c4.571-4 11.429-6.286 17.143-4.571l380 90.857 91.429-91.429c54.857-54.857 146.286-91.429 182.857-54.857z"
        ],
        "width": 822.272,
        "attrs": [],
        "isMulticolor": false,
        "isMulticolor2": false,
        "tags": [
          "plane"
        ],
        "defaultCode": 61554,
        "grid": 14
      },
      "attrs": [],
      "properties": {
        "name": "plane",
        "id": 108,
        "order": 653,
        "prevSize": 28,
        "code": 61554
      },
      "setIdx": 4,
      "setId": 6,
      "iconIdx": 108
    },
    {
      "icon": {
        "paths": [
          "M73.143 950.857h164.571v-164.571h-164.571v164.571zM274.286 950.857h182.857v-164.571h-182.857v164.571zM73.143 749.714h164.571v-182.857h-164.571v182.857zM274.286 749.714h182.857v-182.857h-182.857v182.857zM73.143 530.286h164.571v-164.571h-164.571v164.571zM493.714 950.857h182.857v-164.571h-182.857v164.571zM274.286 530.286h182.857v-164.571h-182.857v164.571zM713.143 950.857h164.571v-164.571h-164.571v164.571zM493.714 749.714h182.857v-182.857h-182.857v182.857zM292.571 256v-164.571c0-9.714-8.571-18.286-18.286-18.286h-36.571c-9.714 0-18.286 8.571-18.286 18.286v164.571c0 9.714 8.571 18.286 18.286 18.286h36.571c9.714 0 18.286-8.571 18.286-18.286zM713.143 749.714h164.571v-182.857h-164.571v182.857zM493.714 530.286h182.857v-164.571h-182.857v164.571zM713.143 530.286h164.571v-164.571h-164.571v164.571zM731.429 256v-164.571c0-9.714-8.571-18.286-18.286-18.286h-36.571c-9.714 0-18.286 8.571-18.286 18.286v164.571c0 9.714 8.571 18.286 18.286 18.286h36.571c9.714 0 18.286-8.571 18.286-18.286zM950.857 219.429v731.429c0 40-33.143 73.143-73.143 73.143h-804.571c-40 0-73.143-33.143-73.143-73.143v-731.429c0-40 33.143-73.143 73.143-73.143h73.143v-54.857c0-50.286 41.143-91.429 91.429-91.429h36.571c50.286 0 91.429 41.143 91.429 91.429v54.857h219.429v-54.857c0-50.286 41.143-91.429 91.429-91.429h36.571c50.286 0 91.429 41.143 91.429 91.429v54.857h73.143c40 0 73.143 33.143 73.143 73.143z"
        ],
        "width": 950.8571428571428,
        "attrs": [],
        "isMulticolor": false,
        "isMulticolor2": false,
        "tags": [
          "calendar"
        ],
        "defaultCode": 61555,
        "grid": 14
      },
      "attrs": [],
      "properties": {
        "name": "calendar",
        "id": 109,
        "order": 654,
        "prevSize": 28,
        "code": 61555
      },
      "setIdx": 4,
      "setId": 6,
      "iconIdx": 109
    },
    {
      "icon": {
        "paths": [
          "M713.143 73.143c90.857 0 164.571 73.714 164.571 164.571v548.571c0 90.857-73.714 164.571-164.571 164.571h-107.429v-340h113.714l17.143-132.571h-130.857v-84.571c0-38.286 10.286-64 65.714-64l69.714-0.571v-118.286c-12-1.714-53.714-5.143-101.714-5.143-101.143 0-170.857 61.714-170.857 174.857v97.714h-114.286v132.571h114.286v340h-304c-90.857 0-164.571-73.714-164.571-164.571v-548.571c0-90.857 73.714-164.571 164.571-164.571h548.571z"
        ],
        "width": 877.7142857142857,
        "attrs": [],
        "isMulticolor": false,
        "isMulticolor2": false,
        "tags": [
          "facebook-square"
        ],
        "defaultCode": 61570,
        "grid": 14
      },
      "attrs": [],
      "properties": {
        "name": "facebook-square",
        "id": 123,
        "order": 655,
        "prevSize": 28,
        "code": 61570
      },
      "setIdx": 4,
      "setId": 6,
      "iconIdx": 123
    },
    {
      "icon": {
        "paths": [
          "M877.714 768v73.143c0 20-16.571 36.571-36.571 36.571h-804.571c-20 0-36.571-16.571-36.571-36.571v-73.143c0-20 16.571-36.571 36.571-36.571h804.571c20 0 36.571 16.571 36.571 36.571zM877.714 475.429v73.143c0 20-16.571 36.571-36.571 36.571h-804.571c-20 0-36.571-16.571-36.571-36.571v-73.143c0-20 16.571-36.571 36.571-36.571h804.571c20 0 36.571 16.571 36.571 36.571zM877.714 182.857v73.143c0 20-16.571 36.571-36.571 36.571h-804.571c-20 0-36.571-16.571-36.571-36.571v-73.143c0-20 16.571-36.571 36.571-36.571h804.571c20 0 36.571 16.571 36.571 36.571z"
        ],
        "width": 877.7142857142857,
        "attrs": [],
        "isMulticolor": false,
        "isMulticolor2": false,
        "tags": [
          "bars",
          "navicon",
          "reorder"
        ],
        "defaultCode": 61641,
        "grid": 14
      },
      "attrs": [],
      "properties": {
        "name": "bars, navicon, reorder",
        "id": 178,
        "order": 657,
        "prevSize": 28,
        "code": 61641
      },
      "setIdx": 4,
      "setId": 6,
      "iconIdx": 178
    },
    {
      "icon": {
        "paths": [
          "M521.143 969.143c0-5.143-4-9.143-9.143-9.143-45.143 0-82.286-37.143-82.286-82.286 0-5.143-4-9.143-9.143-9.143s-9.143 4-9.143 9.143c0 55.429 45.143 100.571 100.571 100.571 5.143 0 9.143-4 9.143-9.143zM987.429 804.571c0 40-33.143 73.143-73.143 73.143h-256c0 80.571-65.714 146.286-146.286 146.286s-146.286-65.714-146.286-146.286h-256c-40 0-73.143-33.143-73.143-73.143 84.571-71.429 182.857-199.429 182.857-475.429 0-109.714 90.857-229.714 242.286-252-2.857-6.857-4.571-14.286-4.571-22.286 0-30.286 24.571-54.857 54.857-54.857s54.857 24.571 54.857 54.857c0 8-1.714 15.429-4.571 22.286 151.429 22.286 242.286 142.286 242.286 252 0 276 98.286 404 182.857 475.429z"
        ],
        "width": 1024,
        "attrs": [],
        "isMulticolor": false,
        "isMulticolor2": false,
        "tags": [
          "bell"
        ],
        "defaultCode": 61683,
        "grid": 14
      },
      "attrs": [],
      "properties": {
        "name": "bell",
        "id": 217,
        "order": 639,
        "prevSize": 28,
        "code": 61683
      },
      "setIdx": 4,
      "setId": 6,
      "iconIdx": 217
    },
    {
      "icon": {
        "paths": [
          "M950.857 365.714c0-60.571-49.143-109.714-109.714-109.714h-36.571v219.429h36.571c60.571 0 109.714-49.143 109.714-109.714zM0 804.571h1024c0 80.571-65.714 146.286-146.286 146.286h-731.429c-80.571 0-146.286-65.714-146.286-146.286zM1060.571 365.714c0 121.143-98.286 219.429-219.429 219.429h-36.571v18.286c0 70.286-57.714 128-128 128h-402.286c-70.286 0-128-57.714-128-128v-420.571c0-20 16.571-36.571 36.571-36.571h658.286c121.143 0 219.429 98.286 219.429 219.429z"
        ],
        "width": 1060.5714285714284,
        "attrs": [],
        "isMulticolor": false,
        "isMulticolor2": false,
        "tags": [
          "coffee"
        ],
        "defaultCode": 61684,
        "grid": 14
      },
      "attrs": [],
      "properties": {
        "name": "coffee",
        "id": 218,
        "order": 638,
        "prevSize": 28,
        "code": 61684
      },
      "setIdx": 4,
      "setId": 6,
      "iconIdx": 218
    },
    {
      "icon": {
        "paths": [
          "M219.429 749.714v36.571c0 9.714-8.571 18.286-18.286 18.286h-36.571c-9.714 0-18.286-8.571-18.286-18.286v-36.571c0-9.714 8.571-18.286 18.286-18.286h36.571c9.714 0 18.286 8.571 18.286 18.286zM219.429 603.429v36.571c0 9.714-8.571 18.286-18.286 18.286h-36.571c-9.714 0-18.286-8.571-18.286-18.286v-36.571c0-9.714 8.571-18.286 18.286-18.286h36.571c9.714 0 18.286 8.571 18.286 18.286zM365.714 603.429v36.571c0 9.714-8.571 18.286-18.286 18.286h-36.571c-9.714 0-18.286-8.571-18.286-18.286v-36.571c0-9.714 8.571-18.286 18.286-18.286h36.571c9.714 0 18.286 8.571 18.286 18.286zM219.429 457.143v36.571c0 9.714-8.571 18.286-18.286 18.286h-36.571c-9.714 0-18.286-8.571-18.286-18.286v-36.571c0-9.714 8.571-18.286 18.286-18.286h36.571c9.714 0 18.286 8.571 18.286 18.286zM658.286 749.714v36.571c0 9.714-8.571 18.286-18.286 18.286h-36.571c-9.714 0-18.286-8.571-18.286-18.286v-36.571c0-9.714 8.571-18.286 18.286-18.286h36.571c9.714 0 18.286 8.571 18.286 18.286zM512 603.429v36.571c0 9.714-8.571 18.286-18.286 18.286h-36.571c-9.714 0-18.286-8.571-18.286-18.286v-36.571c0-9.714 8.571-18.286 18.286-18.286h36.571c9.714 0 18.286 8.571 18.286 18.286zM365.714 457.143v36.571c0 9.714-8.571 18.286-18.286 18.286h-36.571c-9.714 0-18.286-8.571-18.286-18.286v-36.571c0-9.714 8.571-18.286 18.286-18.286h36.571c9.714 0 18.286 8.571 18.286 18.286zM658.286 603.429v36.571c0 9.714-8.571 18.286-18.286 18.286h-36.571c-9.714 0-18.286-8.571-18.286-18.286v-36.571c0-9.714 8.571-18.286 18.286-18.286h36.571c9.714 0 18.286 8.571 18.286 18.286zM512 457.143v36.571c0 9.714-8.571 18.286-18.286 18.286h-36.571c-9.714 0-18.286-8.571-18.286-18.286v-36.571c0-9.714 8.571-18.286 18.286-18.286h36.571c9.714 0 18.286 8.571 18.286 18.286zM658.286 457.143v36.571c0 9.714-8.571 18.286-18.286 18.286h-36.571c-9.714 0-18.286-8.571-18.286-18.286v-36.571c0-9.714 8.571-18.286 18.286-18.286h36.571c9.714 0 18.286 8.571 18.286 18.286zM512 950.857h219.429v-658.286h-146.286v18.286c0 30.286-24.571 54.857-54.857 54.857h-256c-30.286 0-54.857-24.571-54.857-54.857v-18.286h-146.286v658.286h219.429v-128c0-9.714 8.571-18.286 18.286-18.286h182.857c9.714 0 18.286 8.571 18.286 18.286v128zM512 274.286v-182.857c0-9.714-8.571-18.286-18.286-18.286h-36.571c-9.714 0-18.286 8.571-18.286 18.286v54.857h-73.143v-54.857c0-9.714-8.571-18.286-18.286-18.286h-36.571c-9.714 0-18.286 8.571-18.286 18.286v182.857c0 9.714 8.571 18.286 18.286 18.286h36.571c9.714 0 18.286-8.571 18.286-18.286v-54.857h73.143v54.857c0 9.714 8.571 18.286 18.286 18.286h36.571c9.714 0 18.286-8.571 18.286-18.286zM804.571 256v731.429c0 20-16.571 36.571-36.571 36.571h-731.429c-20 0-36.571-16.571-36.571-36.571v-731.429c0-20 16.571-36.571 36.571-36.571h182.857v-164.571c0-30.286 24.571-54.857 54.857-54.857h256c30.286 0 54.857 24.571 54.857 54.857v164.571h182.857c20 0 36.571 16.571 36.571 36.571z"
        ],
        "width": 804.5714285714286,
        "attrs": [],
        "isMulticolor": false,
        "isMulticolor2": false,
        "tags": [
          "hospital-o"
        ],
        "defaultCode": 61688,
        "grid": 14
      },
      "attrs": [],
      "properties": {
        "name": "hospital-o",
        "id": 222,
        "order": 637,
        "prevSize": 28,
        "code": 61688
      },
      "setIdx": 4,
      "setId": 6,
      "iconIdx": 222
    },
    {
      "icon": {
        "paths": [
          "M731.429 640v-109.714c0-10.286-8-18.286-18.286-18.286h-128v-128c0-10.286-8-18.286-18.286-18.286h-109.714c-10.286 0-18.286 8-18.286 18.286v128h-128c-10.286 0-18.286 8-18.286 18.286v109.714c0 10.286 8 18.286 18.286 18.286h128v128c0 10.286 8 18.286 18.286 18.286h109.714c10.286 0 18.286-8 18.286-18.286v-128h128c10.286 0 18.286-8 18.286-18.286zM365.714 219.429h292.571v-73.143h-292.571v73.143zM146.286 219.429v731.429h-18.286c-70.286 0-128-57.714-128-128v-475.429c0-70.286 57.714-128 128-128h18.286zM822.857 219.429v731.429h-621.714v-731.429h91.429v-91.429c0-30.286 24.571-54.857 54.857-54.857h329.143c30.286 0 54.857 24.571 54.857 54.857v91.429h91.429zM1024 347.429v475.429c0 70.286-57.714 128-128 128h-18.286v-731.429h18.286c70.286 0 128 57.714 128 128z"
        ],
        "width": 1024,
        "attrs": [],
        "isMulticolor": false,
        "isMulticolor2": false,
        "tags": [
          "medkit"
        ],
        "defaultCode": 61690,
        "grid": 14
      },
      "attrs": [],
      "properties": {
        "name": "medkit",
        "id": 224,
        "order": 636,
        "prevSize": 28,
        "code": 61690
      },
      "setIdx": 4,
      "setId": 6,
      "iconIdx": 224
    },
    {
      "icon": {
        "paths": [
          "M614.286 676.571c0 4.571-2.286 9.714-5.714 13.143l-28.571 28.571c-3.429 3.429-8 5.714-13.143 5.714-4.571 0-9.714-2.286-13.143-5.714l-224.571-224.571-224.571 224.571c-3.429 3.429-8.571 5.714-13.143 5.714s-9.714-2.286-13.143-5.714l-28.571-28.571c-3.429-3.429-5.714-8.571-5.714-13.143s2.286-9.714 5.714-13.143l266.286-266.286c3.429-3.429 8.571-5.714 13.143-5.714s9.714 2.286 13.143 5.714l266.286 266.286c3.429 3.429 5.714 8.571 5.714 13.143z"
        ],
        "width": 658.2857142857142,
        "attrs": [],
        "isMulticolor": false,
        "isMulticolor2": false,
        "tags": [
          "angle-up"
        ],
        "defaultCode": 61702,
        "grid": 14
      },
      "attrs": [],
      "properties": {
        "name": "angle-up",
        "id": 235,
        "order": 658,
        "prevSize": 28,
        "code": 61702
      },
      "setIdx": 4,
      "setId": 6,
      "iconIdx": 235
    },
    {
      "icon": {
        "paths": [
          "M1128.571 565.714h-78.857c0 0 8-21.143 37.714-102.286-0.571 0.571 8-21.143 12.571-34.857l6.857 31.429c17.714 87.429 21.714 105.714 21.714 105.714zM303.429 528.571l-33.143-168.571c-4.571-23.429-22.286-30.857-42.857-30.857h-153.143l-1.143 7.429c105.143 26.857 191.429 84 230.286 192zM405.714 329.143l-92.571 250.286-9.714-50.857c-20-53.143-68.571-102.286-123.429-124.571l77.143 291.429h100l149.143-366.286h-100.571zM485.143 696h94.857l59.429-366.857h-94.857zM924 338.286c-18.857-7.429-48.571-15.429-85.143-15.429-93.714 0-159.429 49.714-160 121.143-0.571 52.571 46.857 81.714 82.857 99.429 37.143 17.714 49.143 29.714 49.143 45.714 0 24.571-29.714 35.429-56.571 35.429-38.286 0-58.857-4.571-89.143-18.857l-12.571-6.286-13.143 82.286c22.286 10.286 62.857 19.429 105.714 19.429 99.429 0.571 164-49.143 165.143-125.143 0-41.714-25.714-73.143-80-99.429-33.143-16.571-53.143-28.571-53.143-45.714 0-15.429 17.143-31.429 54.286-31.429 30.857-0.571 53.714 5.714 70.857 13.714l8.571 4.571zM1166.857 329.143h-73.143c-22.857 0-40 6.857-49.714 30.857l-140.571 336h99.429c16-45.143 20-54.857 20-54.857h121.143c0 0 2.857 12.571 11.429 54.857h88zM1316.571 146.286v731.429c0 40-33.143 73.143-73.143 73.143h-1170.286c-40 0-73.143-33.143-73.143-73.143v-731.429c0-40 33.143-73.143 73.143-73.143h1170.286c40 0 73.143 33.143 73.143 73.143z"
        ],
        "width": 1316.5714285714284,
        "attrs": [],
        "isMulticolor": false,
        "isMulticolor2": false,
        "tags": [
          "cc-visa"
        ],
        "defaultCode": 61936,
        "grid": 14
      },
      "attrs": [],
      "properties": {
        "name": "cc-visa",
        "id": 451,
        "order": 634,
        "prevSize": 28,
        "code": 61936
      },
      "setIdx": 4,
      "setId": 6,
      "iconIdx": 451
    },
    {
      "icon": {
        "paths": [
          "M639.429 194.857c-47.429-31.429-103.429-48.571-160.571-48.571-160.571 0-290.857 130.286-290.857 290.286 0 160.571 130.286 290.857 290.857 290.857 57.143 0 113.143-17.143 160.571-48.571-153.143-124.571-152-359.429 0-484zM658.286 208.571c-147.429 116-148 341.143 0 456.571 148-115.429 147.429-340.571 0-456.571zM677.143 194.857c151.429 124.571 153.714 360 0 484 47.429 31.429 104 48.571 160.571 48.571 160.571 0 290.857-130.286 290.857-290.857 0-160-130.286-290.286-290.857-290.286-57.143 0-113.143 17.143-160.571 48.571zM1100.571 607.429h4v-1.714h-9.714v1.714h4v9.714h1.714v-9.714zM1117.143 617.143h2.286v-11.429h-2.857l-3.429 7.429-3.429-7.429h-2.857v11.429h1.714v-8.571l3.429 7.429h2.286l2.857-7.429v8.571zM1112.571 868.571v1.143h-2.857v-1.714h2.857v0.571zM1112.571 873.714h1.714l-2.286-2.857c1.143 0 1.143-0.571 1.714-0.571 0.571-0.571 0.571-1.143 0.571-1.714s0-1.143-0.571-1.714c-0.571 0-1.143-0.571-2.286-0.571h-3.429v7.429h1.714v-2.857h0.571zM391.429 834.857c0-13.714 8.571-24.571 23.429-24.571 13.714 0 22.857 10.857 22.857 24.571 0 14.286-9.143 24.571-22.857 24.571-14.857 0-23.429-10.857-23.429-24.571zM661.714 809.714c10.857 0 18.286 6.286 20 18.286h-40c1.714-10.857 8.571-18.286 20-18.286zM865.143 834.857c0-13.714 8.571-24.571 22.857-24.571s23.429 10.857 23.429 24.571c0 14.286-9.143 24.571-23.429 24.571s-22.857-10.857-22.857-24.571zM1020.571 834.857c0-13.714 9.143-24.571 23.429-24.571 13.714 0 23.429 10.857 23.429 24.571 0 14.286-9.714 24.571-23.429 24.571-14.286 0-23.429-10.857-23.429-24.571zM1110.857 876c-0.571 0-1.143 0-2.286-0.571-0.571 0-1.143-0.571-1.714-1.143s-1.143-1.143-1.143-1.714-0.571-1.714-0.571-2.286 0-1.714 0.571-2.286c0-1.143 0.571-1.714 1.143-2.286s1.143-0.571 1.714-1.143 1.714-0.571 2.286-0.571 1.714 0 2.286 0.571 1.714 0.571 2.286 1.143 0.571 1.143 1.143 2.286c0 0.571 0.571 1.143 0.571 2.286 0 0.571-0.571 1.143-0.571 2.286-0.571 0.571-0.571 1.143-1.143 1.714s-1.143 1.143-2.286 1.143c-0.571 0.571-1.143 0.571-2.286 0.571zM342.286 873.714h17.143v-48.571c0-18.286-12-30.286-30.857-30.857-9.714 0-20 2.857-26.857 13.714-5.143-8.571-13.714-13.714-25.714-13.714-8 0-16 2.857-22.286 11.429v-9.143h-17.143v77.143h17.143v-42.857c0-13.714 7.429-20.571 18.857-20.571s17.143 7.429 17.143 20.571v42.857h16.571v-42.857c0-13.714 8-20.571 18.857-20.571 11.429 0 17.143 7.429 17.143 20.571v42.857zM437.143 873.714h16.571v-77.143h-16.571v9.143c-5.714-6.857-13.714-11.429-24.571-11.429-21.714 0-38.286 17.143-38.286 40.571s16.571 40.571 38.286 40.571c10.857 0 18.857-4 24.571-11.429v9.714zM538.857 850.286c0-13.714-10.286-20.571-26.857-22.857l-8-1.143c-7.429-1.143-13.143-2.857-13.143-8s5.143-8.571 14.286-8.571c10.286 0 19.429 3.429 24.571 6.286l6.857-13.714c-8-5.143-18.857-8-31.429-8-19.429 0-32 9.714-32 25.143 0 12.571 9.143 20 26.857 22.286l7.429 1.143c9.714 1.714 13.714 4 13.714 8 0 6.286-6.286 9.714-17.714 9.714s-20-4-25.714-8l-7.429 13.143c9.143 6.286 20.571 9.714 33.143 9.714 22.286 0 35.429-10.286 35.429-25.143zM613.143 869.714l-4.571-14.286c-5.143 2.857-10.286 4-14.857 4-8.571 0-10.857-5.143-10.857-12.571v-34.857h27.429v-15.429h-27.429v-23.429h-17.143v23.429h-16v15.429h16v34.857c0 17.714 6.857 28.571 26.857 28.571 6.857 0 15.429-2.286 20.571-5.714zM662.286 794.286c-22.286 0-38.286 16.571-38.286 40.571 0 24.571 16.571 40.571 39.429 40.571 11.429 0 22.286-2.857 31.429-10.857l-8-12.571c-6.286 5.143-14.857 8.571-22.286 8.571-10.857 0-20.571-5.143-23.429-18.857h57.714v-6.857c0-24-14.857-40.571-36.571-40.571zM753.143 794.286c-9.714 0-16 4.571-20 11.429v-9.143h-17.143v77.143h17.143v-43.429c0-12.571 5.143-20 16.571-20 3.429 0 6.857 0.571 10.286 2.286l5.143-16c-4-1.714-8.571-2.286-12-2.286zM770.286 834.857c0 23.429 16 40.571 41.143 40.571 11.429 0 19.429-2.286 27.429-9.143l-8-13.714c-6.286 4.571-12.571 7.429-20 6.857-13.714 0-23.429-9.714-23.429-24.571s9.714-24.571 23.429-24.571c7.429 0 13.714 2.286 20 6.857l8-13.714c-8-6.286-16-9.143-27.429-9.143-25.143 0-41.143 17.143-41.143 40.571zM910.286 873.714h17.143v-77.143h-17.143v9.143c-5.143-6.857-13.143-11.429-24-11.429-21.714 0-38.857 17.143-38.857 40.571s17.143 40.571 38.857 40.571c10.857 0 18.857-4 24-11.429v9.714zM986.286 794.286c-9.714 0-16 4.571-20 11.429v-9.143h-16.571v77.143h16.571v-43.429c0-12.571 5.714-20 16.571-20 3.429 0 6.857 0.571 10.286 2.286l5.143-16c-3.429-1.714-8.571-2.286-12-2.286zM1066.286 873.714h16.571v-108.571h-16.571v40.571c-5.143-6.857-13.143-11.429-24.571-11.429-21.143 0-38.286 17.143-38.286 40.571s17.143 40.571 38.286 40.571c11.429 0 19.429-4 24.571-11.429v9.714zM1110.857 862.286c-0.571 0-1.714 0.571-2.857 0.571-1.143 0.571-1.714 1.143-2.286 1.714-1.143 0.571-1.714 1.714-1.714 2.286-0.571 1.143-0.571 2.286-0.571 3.429 0 0.571 0 1.714 0.571 2.857 0 0.571 0.571 1.714 1.714 2.286 0.571 0.571 1.143 1.143 2.286 1.714s2.286 0.571 2.857 0.571c1.143 0 2.286 0 3.429-0.571 0.571-0.571 1.714-1.143 2.286-1.714s1.143-1.714 1.714-2.286c0.571-1.143 0.571-2.286 0.571-2.857 0-1.143 0-2.286-0.571-3.429-0.571-0.571-1.143-1.714-1.714-2.286s-1.714-1.143-2.286-1.714c-1.143 0-2.286-0.571-3.429-0.571zM1316.571 146.286v731.429c0 40-33.143 73.143-73.143 73.143h-1170.286c-40 0-73.143-33.143-73.143-73.143v-731.429c0-40 33.143-73.143 73.143-73.143h1170.286c40 0 73.143 33.143 73.143 73.143z"
        ],
        "width": 1316.5714285714284,
        "attrs": [],
        "isMulticolor": false,
        "isMulticolor2": false,
        "tags": [
          "cc-mastercard"
        ],
        "defaultCode": 61937,
        "grid": 14
      },
      "attrs": [],
      "properties": {
        "name": "cc-mastercard",
        "id": 452,
        "order": 635,
        "prevSize": 28,
        "code": 61937
      },
      "setIdx": 4,
      "setId": 6,
      "iconIdx": 452
    },
    {
      "icon": {
        "paths": [
          "M1034.857 888.571c14.286-14.286 37.143-14.286 51.429 0l73.143 73.143-51.429 51.429-47.429-47.429-47.429 47.429c-6.857 7.429-16.571 10.857-25.714 10.857s-18.857-3.429-25.714-10.857l-47.429-47.429-47.429 47.429c-14.286 14.286-37.143 14.286-51.429 0l-47.429-47.429-47.429 47.429c-14.286 14.286-37.143 14.286-51.429 0l-47.429-47.429-47.429 47.429c-14.286 14.286-37.143 14.286-51.429 0l-47.429-47.429-47.429 47.429c-14.286 14.286-37.143 14.286-51.429 0l-47.429-47.429-47.429 47.429c-14.286 14.286-37.143 14.286-51.429 0l-47.429-47.429-47.429 47.429c-14.286 14.286-37.143 14.286-51.429 0l-73.143-73.143 51.429-51.429 47.429 47.429 47.429-47.429c14.286-14.286 37.143-14.286 51.429 0l47.429 47.429 47.429-47.429c14.286-14.286 37.143-14.286 51.429 0l47.429 47.429 47.429-47.429c14.286-14.286 37.143-14.286 51.429 0l47.429 47.429 47.429-47.429c14.286-14.286 37.143-14.286 51.429 0l47.429 47.429 47.429-47.429c14.286-14.286 37.143-14.286 51.429 0l47.429 47.429 47.429-47.429c14.286-14.286 37.143-14.286 51.429 0l47.429 47.429zM135.429 866.857c-14.286 14.286-37.143 14.286-51.429 0l-73.143-73.143 51.429-51.429 47.429 46.857 47.429-46.857c14.286-14.286 37.143-14.286 51.429 0l47.429 46.857 36.571-36.571v-167.429l-120-179.429c-13.143-20-4-47.429 18.857-55.429l101.143-33.143v-170.857h73.143v-73.143h146.286v-73.143h146.286v73.143h146.286v73.143h73.143v170.857l101.143 33.143c22.857 8 32 35.429 18.857 55.429l-120 179.429v167.429l10.857-10.286c14.286-14.286 37.143-14.286 51.429 0l47.429 46.857 47.429-46.857c14.286-14.286 37.143-14.286 51.429 0l73.143 73.143-51.429 51.429-47.429-47.429-47.429 47.429c-6.857 7.429-16.571 10.857-25.714 10.857s-18.857-3.429-25.714-10.857l-47.429-47.429-47.429 47.429c-14.286 14.286-37.143 14.286-51.429 0l-47.429-47.429-47.429 47.429c-14.286 14.286-37.143 14.286-51.429 0l-47.429-47.429-47.429 47.429c-14.286 14.286-37.143 14.286-51.429 0l-47.429-47.429-47.429 47.429c-14.286 14.286-37.143 14.286-51.429 0l-47.429-47.429-47.429 47.429c-14.286 14.286-37.143 14.286-51.429 0l-47.429-47.429zM365.714 219.429v73.143l219.429-73.143 219.429 73.143v-73.143h-73.143v-73.143h-292.571v73.143h-73.143z"
        ],
        "width": 1170.2857142857142,
        "attrs": [],
        "isMulticolor": false,
        "isMulticolor2": false,
        "tags": [
          "ship"
        ],
        "defaultCode": 61978,
        "grid": 14
      },
      "attrs": [],
      "properties": {
        "name": "ship",
        "id": 491,
        "order": 659,
        "prevSize": 28,
        "code": 61978
      },
      "setIdx": 4,
      "setId": 6,
      "iconIdx": 491
    },
    {
      "icon": {
        "paths": [
          "M146.286 585.143h987.429c20 0 36.571 16.571 36.571 36.571v256h-146.286v-146.286h-877.714v146.286h-146.286v-694.857c0-20 16.571-36.571 36.571-36.571h73.143c20 0 36.571 16.571 36.571 36.571v402.286zM475.429 402.286c0-80.571-65.714-146.286-146.286-146.286s-146.286 65.714-146.286 146.286 65.714 146.286 146.286 146.286 146.286-65.714 146.286-146.286zM1170.286 548.571v-36.571c0-121.143-98.286-219.429-219.429-219.429h-402.286c-20 0-36.571 16.571-36.571 36.571v219.429h658.286z"
        ],
        "width": 1170.2857142857142,
        "attrs": [],
        "isMulticolor": false,
        "isMulticolor2": false,
        "tags": [
          "bed",
          "hotel"
        ],
        "defaultCode": 62006,
        "grid": 14
      },
      "attrs": [],
      "properties": {
        "name": "bed, hotel",
        "id": 515,
        "order": 608,
        "prevSize": 28,
        "code": 62006
      },
      "setIdx": 4,
      "setId": 6,
      "iconIdx": 515
    },
    {
      "icon": {
        "paths": [
          "M621.714 0c141.143 0 256 81.714 256 182.857v512c0 98.857-109.143 178.857-246.286 182.286l121.714 115.429c12 11.429 4 31.429-12.571 31.429h-603.429c-16.571 0-24.571-20-12.571-31.429l121.714-115.429c-137.143-3.429-246.286-83.429-246.286-182.286v-512c0-101.143 114.857-182.857 256-182.857h365.714zM438.857 768c60.571 0 109.714-49.143 109.714-109.714s-49.143-109.714-109.714-109.714-109.714 49.143-109.714 109.714 49.143 109.714 109.714 109.714zM768 438.857v-292.571h-658.286v292.571h658.286z"
        ],
        "width": 877.7142857142857,
        "attrs": [],
        "isMulticolor": false,
        "isMulticolor2": false,
        "tags": [
          "train"
        ],
        "defaultCode": 62008,
        "grid": 14
      },
      "attrs": [],
      "properties": {
        "name": "train",
        "id": 517,
        "order": 660,
        "prevSize": 28,
        "code": 62008
      },
      "setIdx": 4,
      "setId": 6,
      "iconIdx": 517
    },
    {
      "icon": {
        "paths": [
          "M0 859.429v-347.429h1316.571v347.429c0 50.286-41.143 91.429-91.429 91.429h-1133.714c-50.286 0-91.429-41.143-91.429-91.429zM365.714 731.429v73.143h219.429v-73.143h-219.429zM146.286 731.429v73.143h146.286v-73.143h-146.286zM1225.143 73.143c50.286 0 91.429 41.143 91.429 91.429v128h-1316.571v-128c0-50.286 41.143-91.429 91.429-91.429h1133.714z"
        ],
        "width": 1316.5714285714284,
        "attrs": [],
        "isMulticolor": false,
        "isMulticolor2": false,
        "tags": [
          "credit-card-alt"
        ],
        "defaultCode": 62083,
        "grid": 14
      },
      "attrs": [],
      "properties": {
        "name": "credit-card-alt",
        "id": 587,
        "order": 614,
        "prevSize": 28,
        "code": 62083
      },
      "setIdx": 4,
      "setId": 6,
      "iconIdx": 587
    },
    {
      "icon": {
        "paths": [
          "M992 384h-352v-352c0-17.664-14.304-32-32-32h-192c-17.696 0-32 14.336-32 32v352h-352c-17.696 0-32 14.336-32 32v192c0 17.696 14.304 32 32 32h352v352c0 17.696 14.304 32 32 32h192c17.696 0 32-14.304 32-32v-352h352c17.696 0 32-14.304 32-32v-192c0-17.664-14.304-32-32-32z"
        ],
        "attrs": [],
        "isMulticolor": false,
        "isMulticolor2": false,
        "tags": [
          "plus",
          "add",
          "sum"
        ],
        "grid": 16
      },
      "attrs": [],
      "properties": {
        "id": 24,
        "order": 662,
        "prevSize": 32,
        "code": 59658,
        "name": "plus2"
      },
      "setIdx": 5,
      "setId": 4,
      "iconIdx": 23
    },
    {
      "icon": {
        "paths": [
          "M32 384h960c17.696 0 32 14.336 32 32v192c0 17.696-14.304 32-32 32h-960c-17.664 0-32-14.304-32-32v-192c0-17.664 14.336-32 32-32z"
        ],
        "attrs": [],
        "isMulticolor": false,
        "isMulticolor2": false,
        "tags": [
          "minus",
          "subtract"
        ],
        "grid": 16
      },
      "attrs": [],
      "properties": {
        "id": 25,
        "order": 663,
        "prevSize": 32,
        "code": 59659,
        "name": "minus"
      },
      "setIdx": 5,
      "setId": 4,
      "iconIdx": 24
    },
    {
      "icon": {
        "paths": [
          "M510.016 1024c0 0-318.016-449.984-318.016-641.984 0-378.016 318.016-382.016 318.016-382.016s321.984 4 321.984 380c0 197.984-321.984 644-321.984 644zM512 192c-70.688 0-128 57.312-128 128s57.312 128 128 128 128-57.312 128-128-57.312-128-128-128z"
        ],
        "attrs": [],
        "isMulticolor": false,
        "isMulticolor2": false,
        "tags": [
          "location",
          "map marker",
          "marker",
          "pin"
        ],
        "grid": 16
      },
      "attrs": [],
      "properties": {
        "id": 43,
        "order": 661,
        "prevSize": 32,
        "code": 59648,
        "name": "location"
      },
      "setIdx": 5,
      "setId": 4,
      "iconIdx": 42
    },
    {
      "icon": {
        "paths": [
          "M928.416 1.888v-1.6h-311.872c-5.504-0.704-11.104-0.512-16.288 1.664-9.472 2.528-17.344 8.8-21.184 17.664l-570.144 570.112c-12.448 12.48-12.448 32.672 0 45.12l379.904 379.904c12.48 12.448 32.672 12.448 45.12 0l568.48-568.512c12.672-4.256 21.984-15.872 21.984-29.984v-304c0-56.352-41.792-102.528-96-110.368zM832.416 256.288c-35.328 0-64-28.672-64-64s28.672-64 64-64 64 28.672 64 64-28.672 64-64 64z"
        ],
        "attrs": [],
        "isMulticolor": false,
        "isMulticolor2": false,
        "tags": [
          "tag",
          "price"
        ],
        "grid": 16
      },
      "attrs": [],
      "properties": {
        "id": 57,
        "order": 615,
        "prevSize": 32,
        "code": 59649,
        "name": "tag"
      },
      "setIdx": 5,
      "setId": 4,
      "iconIdx": 56
    },
    {
      "icon": {
        "paths": [
          "M1014.592 228.256l-90.848-90.848c-12.576-12.576-32.832-12.576-45.408 0l-464.48 490.368-266.24-266.368c-12.704-12.704-33.312-12.704-46.016 0l-92.032 92.096c-12.704 12.672-12.704 33.28 0 46.016l378.656 387.456c7.328 7.36 17.28 9.888 26.848 8.64 9.888 1.472 20.192-1.024 27.776-8.64l571.744-613.28c12.544-12.544 12.544-32.896 0-45.44z"
        ],
        "attrs": [],
        "isMulticolor": false,
        "isMulticolor2": false,
        "tags": [
          "checkmark",
          "tick"
        ],
        "grid": 16
      },
      "attrs": [],
      "properties": {
        "id": 65,
        "order": 633,
        "prevSize": 32,
        "code": 59663,
        "name": "checkmark"
      },
      "setIdx": 5,
      "setId": 4,
      "iconIdx": 64
    },
    {
      "icon": {
        "paths": [
          "M983.072 216.768l-294.304 296.096 294.304 294.336c12.32 12.288 12.32 32.224 0 44.544l-133.632 133.6c-12.256 12.32-32.192 12.32-44.512 0l-293.824-293.824-292.064 293.824c-12.288 12.32-32.224 12.32-44.544 0l-133.6-133.6c-12.288-12.32-12.288-32.256 0-44.544l292.064-293.824-292.032-292.032c-12.288-12.288-12.288-32.224 0-44.544l133.6-133.6c12.288-12.32 32.224-12.32 44.544 0l291.52 291.52 294.368-296.096c12.32-12.32 32.256-12.32 44.512 0l133.632 133.6c12.256 12.32 12.256 32.256-0.032 44.544z"
        ],
        "attrs": [],
        "isMulticolor": false,
        "isMulticolor2": false,
        "tags": [
          "cancel",
          "close",
          "dismiss"
        ],
        "grid": 16
      },
      "attrs": [],
      "properties": {
        "id": 66,
        "order": 632,
        "prevSize": 32,
        "code": 59664,
        "name": "cancel"
      },
      "setIdx": 5,
      "setId": 4,
      "iconIdx": 65
    },
    {
      "icon": {
        "paths": [
          "M1024 590.444l-512-397.426-512 397.428v-162.038l512-397.426 512 397.428zM896 576v384h-256v-256h-256v256h-256v-384l384-288z"
        ],
        "attrs": [],
        "isMulticolor": false,
        "isMulticolor2": false,
        "tags": [
          "home",
          "house"
        ],
        "defaultCode": 59648,
        "grid": 16
      },
      "attrs": [],
      "properties": {
        "ligatures": "home, house",
        "name": "home2",
        "id": 0,
        "order": 622,
        "prevSize": 32,
        "code": 60042
      },
      "setIdx": 8,
      "setId": 1,
      "iconIdx": 0
    },
    {
      "icon": {
        "paths": [
          "M959.884 128c0.040 0.034 0.082 0.076 0.116 0.116v767.77c-0.034 0.040-0.076 0.082-0.116 0.116h-895.77c-0.040-0.034-0.082-0.076-0.114-0.116v-767.772c0.034-0.040 0.076-0.082 0.114-0.114h895.77zM960 64h-896c-35.2 0-64 28.8-64 64v768c0 35.2 28.8 64 64 64h896c35.2 0 64-28.8 64-64v-768c0-35.2-28.8-64-64-64v0z",
          "M832 288c0 53.020-42.98 96-96 96s-96-42.98-96-96 42.98-96 96-96 96 42.98 96 96z",
          "M896 832h-768v-128l224-384 256 320h64l224-192z"
        ],
        "attrs": [],
        "isMulticolor": false,
        "isMulticolor2": false,
        "tags": [
          "image",
          "picture",
          "photo",
          "graphic"
        ],
        "defaultCode": 59661,
        "grid": 16
      },
      "attrs": [],
      "properties": {
        "ligatures": "image, picture",
        "name": "image",
        "id": 13,
        "order": 617,
        "prevSize": 32,
        "code": 59661
      },
      "setIdx": 8,
      "setId": 1,
      "iconIdx": 13
    },
    {
      "icon": {
        "paths": [
          "M1088 128h-64v-64c0-35.2-28.8-64-64-64h-896c-35.2 0-64 28.8-64 64v768c0 35.2 28.8 64 64 64h64v64c0 35.2 28.8 64 64 64h896c35.2 0 64-28.8 64-64v-768c0-35.2-28.8-64-64-64zM128 192v640h-63.886c-0.040-0.034-0.082-0.076-0.114-0.116v-767.77c0.034-0.040 0.076-0.082 0.114-0.114h895.77c0.040 0.034 0.082 0.076 0.116 0.116v63.884h-768c-35.2 0-64 28.8-64 64v0zM1088 959.884c-0.034 0.040-0.076 0.082-0.116 0.116h-895.77c-0.040-0.034-0.082-0.076-0.114-0.116v-767.77c0.034-0.040 0.076-0.082 0.114-0.114h895.77c0.040 0.034 0.082 0.076 0.116 0.116v767.768z",
          "M960 352c0 53.020-42.98 96-96 96s-96-42.98-96-96 42.98-96 96-96 96 42.98 96 96z",
          "M1024 896h-768v-128l224-384 256 320h64l224-192z"
        ],
        "width": 1152,
        "attrs": [],
        "isMulticolor": false,
        "isMulticolor2": false,
        "tags": [
          "images",
          "pictures",
          "photos",
          "graphics"
        ],
        "defaultCode": 59662,
        "grid": 16
      },
      "attrs": [],
      "properties": {
        "ligatures": "images, pictures",
        "name": "images",
        "id": 14,
        "order": 618,
        "prevSize": 32,
        "code": 59662
      },
      "setIdx": 8,
      "setId": 1,
      "iconIdx": 14
    },
    {
      "icon": {
        "paths": [
          "M896 128v832h-672c-53.026 0-96-42.98-96-96s42.974-96 96-96h608v-768h-640c-70.398 0-128 57.6-128 128v768c0 70.4 57.602 128 128 128h768v-896h-64z",
          "M224.056 832v0c-0.018 0.002-0.038 0-0.056 0-17.672 0-32 14.326-32 32s14.328 32 32 32c0.018 0 0.038-0.002 0.056-0.002v0.002h607.89v-64h-607.89z"
        ],
        "attrs": [],
        "isMulticolor": false,
        "isMulticolor2": false,
        "tags": [
          "book",
          "read",
          "reading"
        ],
        "defaultCode": 59679,
        "grid": 16
      },
      "attrs": [],
      "properties": {
        "ligatures": "book, read",
        "name": "book2",
        "id": 31,
        "order": 619,
        "prevSize": 32,
        "code": 60044
      },
      "setIdx": 8,
      "setId": 1,
      "iconIdx": 31
    },
    {
      "icon": {
        "paths": [
          "M832 960l192-512h-832l-192 512zM128 384l-128 576v-832h288l128 128h416v128z"
        ],
        "attrs": [],
        "isMulticolor": false,
        "isMulticolor2": false,
        "tags": [
          "folder-open",
          "directory",
          "category",
          "browse"
        ],
        "defaultCode": 59696,
        "grid": 16
      },
      "attrs": [],
      "properties": {
        "ligatures": "folder-open, directory2",
        "name": "folder-open",
        "id": 48,
        "order": 620,
        "prevSize": 32,
        "code": 60048
      },
      "setIdx": 8,
      "setId": 1,
      "iconIdx": 48
    },
    {
      "icon": {
        "paths": [
          "M576 256l-128-128h-448v832h1024v-704h-448zM704 704h-128v128h-128v-128h-128v-128h128v-128h128v128h128v128z"
        ],
        "attrs": [],
        "isMulticolor": false,
        "isMulticolor2": false,
        "tags": [
          "folder-plus",
          "directory",
          "folder-add"
        ],
        "defaultCode": 59697,
        "grid": 16
      },
      "attrs": [],
      "properties": {
        "ligatures": "folder-plus, directory3",
        "name": "folder-plus",
        "id": 49,
        "order": 621,
        "prevSize": 32,
        "code": 60049
      },
      "setIdx": 8,
      "setId": 1,
      "iconIdx": 49
    },
    {
      "icon": {
        "paths": [
          "M768 639.968l-182.82-182.822 438.82-329.15-128.010-127.996-548.52 219.442-172.7-172.706c-49.78-49.778-119.302-61.706-154.502-26.508-35.198 35.198-23.268 104.726 26.51 154.5l172.686 172.684-219.464 548.582 127.99 128.006 329.19-438.868 182.826 182.828v255.98h127.994l63.992-191.988 191.988-63.996v-127.992l-255.98 0.004z"
        ],
        "attrs": [],
        "isMulticolor": false,
        "isMulticolor2": false,
        "tags": [
          "airplane",
          "travel",
          "flight",
          "plane",
          "transport",
          "fly",
          "vacation"
        ],
        "defaultCode": 59823,
        "grid": 16
      },
      "attrs": [],
      "properties": {
        "ligatures": "airplane, travel",
        "name": "airplane",
        "id": 175,
        "order": 623,
        "prevSize": 32,
        "code": 60068
      },
      "setIdx": 8,
      "setId": 1,
      "iconIdx": 175
    },
    {
      "icon": {
        "paths": [
          "M512 0c-282.77 0-512 229.23-512 512s229.23 512 512 512 512-229.23 512-512-229.23-512-512-512zM512 960.002c-62.958 0-122.872-13.012-177.23-36.452l233.148-262.29c5.206-5.858 8.082-13.422 8.082-21.26v-96c0-17.674-14.326-32-32-32-112.99 0-232.204-117.462-233.374-118.626-6-6.002-14.14-9.374-22.626-9.374h-128c-17.672 0-32 14.328-32 32v192c0 12.122 6.848 23.202 17.69 28.622l110.31 55.156v187.886c-116.052-80.956-192-215.432-192-367.664 0-68.714 15.49-133.806 43.138-192h116.862c8.488 0 16.626-3.372 22.628-9.372l128-128c6-6.002 9.372-14.14 9.372-22.628v-77.412c40.562-12.074 83.518-18.588 128-18.588 70.406 0 137.004 16.26 196.282 45.2-4.144 3.502-8.176 7.164-12.046 11.036-36.266 36.264-56.236 84.478-56.236 135.764s19.97 99.5 56.236 135.764c36.434 36.432 85.218 56.264 135.634 56.26 3.166 0 6.342-0.080 9.518-0.236 13.814 51.802 38.752 186.656-8.404 372.334-0.444 1.744-0.696 3.488-0.842 5.224-81.324 83.080-194.7 134.656-320.142 134.656z"
        ],
        "attrs": [],
        "isMulticolor": false,
        "isMulticolor2": false,
        "tags": [
          "earth",
          "globe",
          "language",
          "web",
          "internet",
          "sphere",
          "planet"
        ],
        "defaultCode": 59850,
        "grid": 16
      },
      "attrs": [],
      "properties": {
        "ligatures": "earth, globe2",
        "name": "earth",
        "id": 202,
        "order": 624,
        "prevSize": 32,
        "code": 59850
      },
      "setIdx": 8,
      "setId": 1,
      "iconIdx": 202
    },
    {
      "icon": {
        "paths": [
          "M170.080 296.765l357.92 311.235 357.981-311.287c6.206 5.878 10.019 14.235 10.019 23.507v383.562c0 17.821-14.371 32.219-32.098 32.219h-671.803c-18.053 0-32.098-14.425-32.098-32.219v-383.562c0-9.253 3.874-17.582 10.080-23.454zM192.115 256c-35.41 0-64.115 28.624-64.115 63.81v384.38c0 35.241 28.472 63.81 64.115 63.81h671.77c35.41 0 64.115-28.624 64.115-63.81v-384.38c0-35.241-28.472-63.81-64.115-63.81h-671.77zM528 566.4l-320-278.4h640l-320 278.4z"
        ],
        "attrs": [],
        "isMulticolor": false,
        "isMulticolor2": false,
        "tags": [
          "mail-envelope-closed"
        ],
        "grid": 32
      },
      "attrs": [],
      "properties": {
        "id": 5,
        "order": 664,
        "prevSize": 32,
        "code": 59650,
        "name": "mail-envelope-closed"
      },
      "setIdx": 6,
      "setId": 3,
      "iconIdx": 4
    },
    {
      "icon": {
        "paths": [
          "M876.64 515.584l-391.2-388.512h-356.512l-0.832 356.064 386.496 394.528c25.408 25.408 66.272 25.76 91.296 0.736l271.488-271.52c24.992-24.992 24.672-65.888-0.736-91.296zM223.424 288.128c0-35.328 28.672-64 64-64s64 28.672 64 64c0 35.36-28.672 64-64 64s-64-28.64-64-64zM571.616 734.464l-248.896-248.896 22.624-22.624 248.896 248.896-22.624 22.624zM639.488 666.592l-248.896-248.896 22.656-22.624 248.864 248.896-22.624 22.624zM707.36 598.688l-248.864-248.896 22.624-22.624 248.864 248.896-22.624 22.624z"
        ],
        "attrs": [],
        "isMulticolor": false,
        "isMulticolor2": false,
        "tags": [
          "tag",
          "price"
        ],
        "grid": 32
      },
      "attrs": [],
      "properties": {
        "id": 23,
        "order": 631,
        "prevSize": 32,
        "code": 59737,
        "name": "tag2"
      },
      "setIdx": 7,
      "setId": 2,
      "iconIdx": 22
    },
    {
      "icon": {
        "paths": [
          "M925.056 626.432l-297.952 297.952c-25.312 25.312-66.368 25.312-91.68 0l-365.248-365.28-90.24-279.328 65.92-65.92 126.304 126.304c-3.392 24.32 3.968 49.824 22.656 68.512 31.648 31.648 82.944 31.648 114.592 0 31.616-31.648 31.616-82.944 0-114.592-18.688-18.688-44.192-26.016-68.512-22.656l-126.304-126.304 64.448-64.48 280.768 88.8 365.248 365.28c25.312 25.344 25.312 66.368 0 91.712zM363.552 362.848c-6.336 6.336-16.576 6.336-22.912 0l-252.128-252.128c-6.336-6.336-6.336-16.608 0-22.912s16.608-6.336 22.912 0l252.096 252.096c6.368 6.336 6.368 16.608 0.032 22.944z"
        ],
        "attrs": [],
        "isMulticolor": false,
        "isMulticolor2": false,
        "tags": [
          "tag",
          "price"
        ],
        "grid": 32
      },
      "attrs": [],
      "properties": {
        "id": 24,
        "order": 630,
        "prevSize": 32,
        "code": 59738,
        "name": "tag3"
      },
      "setIdx": 7,
      "setId": 2,
      "iconIdx": 23
    },
    {
      "icon": {
        "paths": [
          "M0 800v-576h1024v576h-1024zM64 286.016v449.984h896v-449.984h-896zM672 512c0-106.016-71.616-192-160-192h416v384h-416c88.384 0 160-85.984 160-192zM800 576c26.496 0 48-28.672 48-64s-21.504-64-48-64-48 28.672-48 64 21.504 64 48 64zM579.776 431.296c-0.48 1.76-1.152 3.008-1.984 3.808-0.864 0.8-2.016 1.184-3.488 1.184s-3.776-0.896-7.008-2.752c-3.2-1.888-7.136-3.872-11.776-6.048-4.672-2.176-10.048-4.16-16.192-5.984-6.144-1.792-12.864-2.656-20.192-2.656-5.76 0-10.752 0.672-15.008 2.080-4.256 1.376-7.84 3.328-10.688 5.76-2.88 2.464-4.992 5.44-6.4 8.864-1.376 3.424-2.080 7.104-2.080 10.944 0 5.76 1.568 10.72 4.704 14.912 3.136 4.192 7.328 7.936 12.608 11.2 5.28 3.296 11.232 6.336 17.92 9.184 6.624 2.88 13.44 5.92 20.384 9.088 6.944 3.232 13.728 6.848 20.384 10.912 6.688 4.064 12.64 8.928 17.824 14.592s9.376 12.32 12.608 19.968c3.2 7.68 4.768 16.672 4.768 27.104 0 13.6-2.496 25.504-7.552 35.776-5.088 10.24-11.936 18.816-20.64 25.664-8.672 6.88-18.784 12.032-30.368 15.488-1.472 0.448-3.072 0.64-4.576 0.992v34.944h-31.456v-30.816c-0.416 0-0.768 0.064-1.152 0.064-8.928 0-17.248-0.704-24.896-2.144-7.68-1.472-14.432-3.232-20.288-5.248-5.888-2.048-10.752-4.192-14.688-6.432-3.936-2.24-6.752-4.224-8.48-5.952-1.728-1.728-2.976-4.224-3.712-7.488-0.736-3.296-1.12-7.968-1.12-14.112 0-4.128 0.128-7.584 0.416-10.4s0.704-5.056 1.312-6.816 1.376-2.976 2.4-3.712c0.992-0.704 2.144-1.088 3.488-1.088 1.856 0 4.48 1.088 7.904 3.296 3.392 2.208 7.776 4.64 13.088 7.296 5.344 2.688 11.68 5.088 19.104 7.328 7.392 2.176 15.968 3.296 25.696 3.296 6.4 0 12.128-0.768 17.184-2.304s9.376-3.68 12.896-6.496 6.208-6.272 8.096-10.4c1.888-4.16 2.816-8.736 2.816-13.856 0-5.856-1.632-10.88-4.8-15.104-3.2-4.192-7.36-7.904-12.512-11.2-5.12-3.264-10.944-6.304-17.472-9.184-6.528-2.88-13.248-5.92-20.192-9.088-6.912-3.2-13.664-6.816-20.192-10.912-6.528-4.064-12.352-8.896-17.472-14.56-5.12-5.664-9.312-12.384-12.48-20.096-3.2-7.712-4.8-16.992-4.8-27.776 0-12.416 2.304-23.296 6.88-32.672 4.608-9.376 10.784-17.184 18.592-23.36s16.992-10.816 27.584-13.888c5.44-1.6 11.072-2.72 16.832-3.488v-33.088h31.456v33.088c1.248 0.16 2.496 0.096 3.744 0.288 6.112 0.928 11.872 2.176 17.184 3.776 5.344 1.568 10.048 3.328 14.208 5.344 4.128 1.984 6.848 3.616 8.192 4.96 1.344 1.312 2.208 2.432 2.72 3.36 0.448 0.928 0.832 2.176 1.184 3.712 0.32 1.536 0.576 3.456 0.672 5.824 0.128 2.304 0.192 5.216 0.192 8.672 0 3.872-0.096 7.168-0.288 9.856-0.288 2.528-0.608 4.768-1.088 6.496zM352 512c0 106.016 71.616 192 160 192h-416v-384h416c-88.384 0-160 85.984-160 192zM224 448c-26.528 0-48 28.672-48 64s21.472 64 48 64c26.496 0 48-28.672 48-64s-21.504-64-48-64z"
        ],
        "attrs": [],
        "isMulticolor": false,
        "isMulticolor2": false,
        "tags": [
          "dollar",
          "bill",
          "money"
        ],
        "grid": 32
      },
      "attrs": [],
      "properties": {
        "id": 265,
        "order": 616,
        "prevSize": 32,
        "code": 59651,
        "name": "dollar"
      },
      "setIdx": 7,
      "setId": 2,
      "iconIdx": 264
    },
    {
      "icon": {
        "paths": [
          "M960.102 821.146c-4.966 13.619-42.086 51.302-308.685-44.954l-261.376-94.362c-90.982-32.819-219.034-84.429-269.21-113.51-35.123-20.326-42.803-65.638-42.803-65.638s-8.346-151.347-13.466-188.621c-5.12-37.274 4.864-43.674 40.755-25.19 22.323 11.52 95.488 131.174 126.157 182.63 77.414 19.507 146.534 38.963 178.842 48.589-13.158-87.91-37.888-252.314-46.746-303.77-8.499-49.306 28.16-27.392 28.16-27.392 16.947 9.728 50.33 33.843 61.747 51.302 77.926 119.091 188.006 337.92 196.403 354.714 45.875 14.336 116.582 37.53 158.822 52.736 110.387 39.885 158.054 155.341 151.398 173.466z"
        ],
        "attrs": [],
        "isMulticolor": false,
        "isMulticolor2": false,
        "tags": [
          "aircraft-landing"
        ],
        "grid": 20
      },
      "attrs": [],
      "properties": {
        "id": 92,
        "order": 626,
        "prevSize": 20,
        "code": 59739,
        "name": "aircraft-landing"
      },
      "setIdx": 9,
      "setId": 0,
      "iconIdx": 91
    },
    {
      "icon": {
        "paths": [
          "M1017.344 330.394c6.093 13.158 6.502 66.048-250.061 186.47l-251.546 118.067c-87.552 41.114-214.579 95.181-270.592 110.131-39.219 10.445-76.646-16.179-76.646-16.179s-112.947-101.12-142.95-123.853c-29.952-22.733-27.392-34.304 11.008-46.592 23.91-7.629 160.256 25.242 218.368 39.936 68.557-40.96 131.174-76.083 160.819-92.058-71.475-52.89-205.21-151.654-247.859-181.76-40.909-28.928 0.512-39.322 0.512-39.322 18.842-5.069 59.494-11.674 79.974-7.373 139.315 29.133 371.866 106.035 389.683 111.923 42.598-22.323 108.954-55.91 149.606-75.008 106.24-49.869 221.542-1.894 229.683 15.616z"
        ],
        "attrs": [],
        "isMulticolor": false,
        "isMulticolor2": false,
        "tags": [
          "aircraft-take-off"
        ],
        "grid": 20
      },
      "attrs": [],
      "properties": {
        "id": 93,
        "order": 625,
        "prevSize": 20,
        "code": 59740,
        "name": "aircraft-take-off"
      },
      "setIdx": 9,
      "setId": 0,
      "iconIdx": 92
    },
    {
      "icon": {
        "paths": [
          "M972.8 358.4v307.2c0 56.474-45.875 102.4-102.4 102.4h-716.8v-153.6h665.6v-204.8h-563.2v102.4l-204.8-179.2 204.8-179.2v102.4h614.4c56.525 0 102.4 45.875 102.4 102.4z"
        ],
        "attrs": [],
        "isMulticolor": false,
        "isMulticolor2": false,
        "tags": [
          "back"
        ],
        "grid": 20
      },
      "attrs": [],
      "properties": {
        "id": 106,
        "order": 629,
        "prevSize": 20,
        "code": 59753,
        "name": "back"
      },
      "setIdx": 9,
      "setId": 0,
      "iconIdx": 105
    },
    {
      "icon": {
        "paths": [
          "M819.2 307.2h-640v-25.6l563.2-45.056v45.056h76.8v-76.8c0-56.32-45.619-95.846-101.325-87.91l-514.099 73.421c-55.757 7.987-101.376 60.57-101.376 116.89v512c0 56.525 45.824 102.4 102.4 102.4h614.4c56.525 0 102.4-45.875 102.4-102.4v-409.6c0-56.525-45.875-102.4-102.4-102.4zM742.4 665.907c-42.394 0-76.8-34.406-76.8-76.8s34.406-76.8 76.8-76.8 76.8 34.406 76.8 76.8-34.406 76.8-76.8 76.8z"
        ],
        "attrs": [],
        "isMulticolor": false,
        "isMulticolor2": false,
        "tags": [
          "wallet"
        ],
        "grid": 20
      },
      "attrs": [],
      "properties": {
        "id": 317,
        "order": 627,
        "prevSize": 20,
        "code": 59964,
        "name": "wallet"
      },
      "setIdx": 9,
      "setId": 0,
      "iconIdx": 316
    },
    {
      "icon": {
        "paths": [
          "M870.4 51.2h-716.8c-56.32 0-102.4 46.080-102.4 102.4v716.8c0 56.371 46.080 102.4 102.4 102.4h358.4v-358.4h-102.4v-126.72h102.4v-104.96c0-110.797 62.054-188.621 192.819-188.621l92.314 0.102v133.376h-61.286c-50.893 0-70.246 38.195-70.246 73.626v86.528h131.482l-29.082 126.669h-102.4v358.4h204.8c56.32 0 102.4-46.029 102.4-102.4v-716.8c0-56.32-46.080-102.4-102.4-102.4z"
        ],
        "attrs": [],
        "isMulticolor": false,
        "isMulticolor2": false,
        "tags": [
          "facebook"
        ],
        "grid": 20
      },
      "attrs": [],
      "properties": {
        "id": 360,
        "order": 628,
        "prevSize": 20,
        "code": 60007,
        "name": "facebook"
      },
      "setIdx": 9,
      "setId": 0,
      "iconIdx": 359
    }
  ],
  "height": 1024,
  "metadata": {
    "name": "aac"
  },
  "preferences": {
    "showGlyphs": true,
    "showQuickUse": true,
    "showQuickUse2": true,
    "showSVGs": true,
    "fontPref": {
      "prefix": "icono-",
      "metadata": {
        "fontFamily": "aac",
        "majorVersion": 1,
        "minorVersion": 0
      },
      "metrics": {
        "emSize": 1024,
        "baseline": 6.25,
        "whitespace": 50
      },
      "embed": false
    },
    "imagePref": {
      "prefix": "icon-",
      "png": true,
      "useClassSelector": true,
      "color": 0,
      "bgColor": 16777215,
      "classSelector": ".icon",
      "autoHost": true
    },
    "historySize": 100,
    "showCodes": true,
    "gridSize": 16,
    "quickUsageToken": {
      "UntitledProject": "YjIwY2IzNTQ4ZDBlMDIzZjQxMzYyZTQ1ZWRhYWEyMjgjMSMxNDgxMzQ4NTE1IyMj"
    }
  }
}